start,P3,A80,A-Q1,A-Q2,C,B-opt,B1,B2,B3,SPY,QQQ,C100
2000-01-03,-0.774619795098408,0.18804166258203914,-0.6454777499104836,-2.5178532507547313,-4.243325711747737,-2.5437726492860135,-3.595405091981907,-4.169307059417671,-3.0539672107347426,-1.1908483154929095,-6.821674113774279,1.6682543566685304
2000-02-01,-1.038167255754474,0.004266260694074653,-0.8225386836796966,-2.7577730298810943,-4.5833392564989754,-2.694310344407014,-3.8073795719338444,-4.411606797154111,-3.2353562530004765,-1.2471981395969833,-7.1828836753842555,1.6352311556377508
2000-03-01,-0.6995548369998494,0.35739499326905566,-0.5475346948681237,-2.4850938307218073,-4.414540449025894,-2.5171025706457795,-3.886134166267652,-4.639330931218932,-3.1797892336902223,-0.7663509544049152,-8.211905079566462,2.00832130309625
2000-04-03,-0.481462804341215,0.45494829953487415,-0.40298160386464943,-2.233785607647054,-4.06830451963055,-2.479338006430709,-3.6146095351734076,-4.234484564303798,-3.0300915480162893,-1.0169453617643098,-7.110107738920968,1.8754343225648729
2000-05-01,-0.024694935834457254,0.8865784831735724,0.050646795254682964,-1.6645395551182607,-3.5238997389678284,-1.9856027131995635,-3.0229522716076707,-3.589478707480276,-2.4887319173984346,-0.6529603113157645,-6.2104423704686385,2.254783196456378
2000-06-01,-0.7497681239184484,0.21865735974064826,-0.4825453813683156,-2.2380922870147035,-4.191454375902337,-2.4953338573396544,-3.381936644418382,-3.8655688552809764,-2.9254209931161457,-1.3580540801028218,-6.088822649443893,1.7137801545702214
2000-07-03,-1.6509126261461615,-0.6166541041124018,-1.321398264557272,-3.252418614290342,-5.256525707343284,-3.42717452125727,-4.433315451655684,-4.982816776964938,-3.915148290331183,-2.1351972898141724,-7.523927210062576,1.0115297014349656
2000-08-01,-0.6810801706835345,0.29985114353421327,-0.401199487869186,-2.136806565395455,-4.090744521626299,-2.3485408833792576,-3.27603563828871,-3.7816570693987694,-2.7985931410900777,-1.1563225107977915,-6.106157842470738,1.820843485860535
2000-09-01,-1.6109944967196532,-0.5701474296967879,-1.3168944007135197,-3.2644991915864785,-5.3789357032372305,-3.579756349062413,-4.663909183310045,-5.256419993110873,-4.105510058536432,-2.1866155041047164,-8.00649986688211,1.070371407047599
2000-10-02,0.016922694535437266,0.9281863237107668,0.20960163374696972,-1.3804730274949217,-3.3661047819323,-1.8209094164861273,-2.6683455440202453,-3.1330000320521023,-2.231215420864263,-0.7452249365439756,-5.284663886362639,2.3100929451993046
2000-11-01,0.7771844985911658,1.5691970692548685,0.8659474609559181,-0.5294299357108345,-2.4790417207529614,-1.1726947510407815,-1.8624896469617624,-2.2445824264545444,-1.5053396841865463,-0.31823522506307933,-4.033405339518459,2.7142485509648706
2000-12-01,1.8411871233703803,2.4297416261075178,1.8993276391534808,0.8254764909276346,-1.0774075746591838,-0.028637476984927357,-0.4272639791754518,-0.6547483945034127,-0.21859105799533207,0.4294546772679597,-1.7555685094309381,3.2784740255755063
2001-01-02,3.286286776055336,3.5644456070355046,3.0030219505973843,2.4310155336169537,1.1840796673721732,1.2484511508791707,1.1204475018109727,1.0311976185156002,1.192829135355189,1.3154643557895085,0.502389978945672,3.7802666402263485
2001-02-01,3.104309601263777,3.3672252774882727,2.631457325673292,1.9171867385147534,0.3936124865827617,0.47702152167088396,0.115298393342389,-0.09954360814947716,0.30732660481245233,0.8560342997035786,-1.1991067207903328,3.5094844181014384
2001-03-01,4.2694770812997,4.433480684617486,3.8414944634033388,3.4741678001928067,2.3249178886970645,2.2540302854670236,2.2371099572253916,2.213295979831442,2.2508594280274075,2.19510762507813,2.0235621743624366,4.372544877293683
2001-04-02,5.540763121582759,5.4827845511325135,5.03008654811099,5.060726150548889,3.927638066604966,3.456532108635302,3.7373341443644126,3.8570737698343516,3.6039266492751576,2.926992621788771,4.205411829322303,5.003523858430836
2001-05-01,4.723997989134121,4.799915172062641,4.187789891990912,3.9316822162347886,2.719402854713615,2.3967772294862355,2.4315233866326835,2.4345296907525737,2.4190877586980575,2.2663256392706055,2.361765552413031,4.583641365261304
2001-06-01,4.772009208792882,4.807677838442381,4.2266257039724975,4.022920167348332,2.8265817483126954,2.419374426622478,2.518068567388232,2.5527975677422488,2.4737243408335052,2.192515593764388,2.603824314750458,4.519418646557849
2001-07-02,4.828302096889958,4.857536663299422,4.28062043566928,4.096993689230222,2.9453065260812705,2.532029615474096,2.618638193083944,2.646572302788197,2.5805942771876866,2.319191507356777,2.665813081315682,4.5553575281000125
2001-08-01,5.030074327168466,4.975679736980276,4.422749304584683,4.331651964466343,3.2064483574934632,2.574736093142427,2.7822755391125,2.8698818783675195,2.6840066040194843,2.177475371169857,3.1205037612183517,4.511659185946382
2001-09-04,5.579089252567204,5.34834805967952,4.835368236871407,4.941483251315737,3.8065920073640847,2.7773371550807724,3.2080390844434037,3.4015626297346557,3.000061376749863,1.9809390945783267,4.036381217240903,4.529244614523198
2001-10-01,7.2549337870582375,6.485926736852687,5.768630762932236,6.293455651646762,5.934279348641547,3.5829395462562363,4.301635310764906,4.627800652531966,3.953509403061628,2.3304385402893812,5.720098069831359,4.4986839343747365
2001-11-01,6.530923910871356,6.130914853552349,5.4870083644893874,5.769463957462051,5.016479044010191,3.5880183115646114,3.991851652534728,4.186585059113868,3.782330059257988,2.873620436526414,4.787063291130966,4.9768534433617395
2001-12-03,5.709159519664597,5.509924440536329,4.896928772378795,4.972249618581714,3.934275890043981,2.989389689024735,3.268868438692407,3.385913258029838,3.1389904838318383,2.465332229212369,3.7404992567015016,4.759085187444012
2002-01-02,5.479916812558239,5.3147571341794375,4.695567294532044,4.718600159044417,3.673957716725207,2.8206376160475166,3.0530391755366537,3.1404837266680863,2.9533121652353334,2.3677171231174077,3.399460363174045,4.628755893017478
2002-02-01,6.363752780752252,6.0772458852556,5.435516768555315,5.6479992241945665,4.72176318881774,3.5429363026633576,3.872868199982671,4.03759973468405,3.695154879345397,2.954798780863621,4.527337191496406,5.156324595190842
2002-03-01,6.878636381541048,6.453183124050965,5.83983064111866,6.22628918767878,5.561804843462426,4.03140333973615,4.521173772308296,4.783126871210608,4.248131872205874,3.226873669407615,5.645328143169626,5.2635028860319455
2002-04-01,7.218657877194401,6.720155953380935,6.045603638746511,6.488528554941553,5.915008451904735,4.195776027377907,4.684534499293935,4.954229543272337,4.403549592145284,3.3979186864081745,5.826314091762841,5.374263929159073
2002-05-01,7.6373162823095475,7.072150489806317,6.511128916868603,7.145734531853676,6.670991923939051,4.8303414622496765,5.507228031982869,5.86653710056968,5.1371723521213,3.7493554551047303,7.113009251173219,5.618535650787382
2002-06-03,7.083221590187816,6.568615608664863,6.137126409065452,6.746222439289196,6.255564714324802,4.572302428427921,5.308805656057869,5.6649324803446754,4.940809984116279,3.374652996899008,6.962748695083354,5.254028231755226
2002-07-01,8.787278473571302,8.02132087610843,7.5512535825456695,8.556728940983827,8.342025031868182,6.005051701439967,6.920632421356032,7.369418092487057,6.458799591584952,4.532330886240499,9.013528989538822,6.213737632037741
2002-08-01,10.079037994064821,9.149964896481787,8.554435018805773,9.787616411566692,9.733997619561151,6.954207546558111,7.8955451297619605,8.340530220203046,7.435678998634865,5.419408982879204,9.987460035210493,7.01438090180333
2002-09-03,10.668030307066934,9.598354614393845,8.923509415682386,10.284921974391903,10.43306712623635,7.273315824026261,8.25919124604997,8.747522971670652,7.756401274110014,5.685488009767781,10.523160464494708,7.178093411207587
2002-10-01,11.125307712875564,9.968825288385052,9.240032121607001,10.681815577334653,11.061878093981736,7.69694431862995,8.663448312494793,9.157240921852306,8.154758327880884,6.142972517570766,10.911513783084903,7.378094826168913
2002-11-01,9.737684340120701,8.92234509562051,8.252379752812566,9.335360180863672,9.179745986333465,6.70299184762575,7.418569447679202,7.77747259085102,7.045426109396558,5.524946444353973,9.02246784437779,7.0139006933236825
2002-12-02,9.16272573469441,8.459541549412886,7.786609987784554,8.71437557412802,8.44241410497033,6.212884105824257,6.818566530114856,7.123357525573093,6.499834048461928,5.2027801231733894,8.155029027759308,6.7660344655599
2003-01-02,9.758963584898561,8.893369933167072,8.200612286888731,9.30194454186819,9.29221638429345,6.700803377099329,7.412428698013995,7.782263783209276,7.028716086980258,5.538079186451306,9.043390084835634,6.889892830994038
2003-02-03,10.969597850913292,9.968023550274507,9.09457753207894,10.356036298986094,10.593936462105692,7.645453166824101,8.299242798954065,8.635163875465878,7.948394337750675,6.561354208166681,9.759632008682706,7.651971066110819
2003-03-03,11.024650973470562,10.066235262299795,9.173742884019,10.396224870615578,10.659823424852611,7.824264499777711,8.404959572116312,8.69339800605573,8.101644886552318,6.84659529467615,9.6573173332692,7.8504002396827754
2003-04-01,10.9657546371017,10.033583433460214,9.146515098104802,10.364620861480756,10.606934426397263,7.8553856128105615,8.414452076942158,8.682785047294539,8.131518314496343,6.909508225388961,9.594320910929333,7.88564946839454
2003-05-01,10.18716982049106,9.412900669508906,8.639951227736752,9.739576948431704,9.736204914692404,7.378777263305314,7.910407863560565,8.154542614823711,7.653073125459198,6.479948453413664,9.015613221080576,7.620549450598446
2003-06-02,9.560923890694117,8.834511193515816,8.144202274477962,9.179247835024483,9.201454093956475,7.0334328466234775,7.560862032678228,7.816028615804171,7.2941129994444465,6.1573151245573055,8.708457750896216,7.158432090228928
2003-07-01,9.057029471938849,8.409340641971541,7.762550082070074,8.702184072528073,8.658946522694833,6.7097285891239755,7.195818141111077,7.4250184407771425,6.9549948517625415,5.894093258382482,8.227172419482208,6.895113092483474
2003-08-01,9.434267778886053,8.77896640084883,8.088904431556522,9.062207042175219,9.053518425050445,7.091959474676335,7.530261294748919,7.743257524876013,7.306507080042857,6.35652909004063,8.472581660392532,7.259110060518514
2003-09-02,8.511434245915005,7.958639586885119,7.3552853325340894,8.180375443416366,8.061933319872349,6.392300600669776,6.810179903487001,7.020612907195312,6.590091375859619,5.697146004669285,7.7344242455335666,6.649113033094323
2003-10-01,9.192618625728265,8.50480475288804,7.826230634992215,8.799603997272376,8.824804489008065,6.803718743598797,7.28574077769637,7.5352791211961145,7.026920945157977,6.017690229733241,8.392222636563007,6.917882056903069
2003-11-03,9.05935643634239,8.421063847041243,7.737362584121654,8.6479135570936,8.674828541589918,6.790016199208093,7.202648634580466,7.414376496000208,6.982033288688205,6.109662525719584,8.133472770238924,6.932920805867004
2003-12-01,9.296788461656003,8.580972503293815,7.865785281057613,8.836224207581832,9.017808349720902,6.943453162554181,7.391129281677111,7.6249485598832045,7.1488674616871695,6.215818596740497,8.426555435028238,6.93289260074057
2004-01-02,9.321881623601769,8.53787510442665,7.81287014826253,8.813908533980053,9.131260718223855,6.895165000757153,7.389789693926296,7.657019592588377,7.114869765342213,6.107822112899175,8.577016547455084,6.749967789856837
2004-02-02,8.915956749979514,8.152203772734667,7.463125819386196,8.40118618732224,8.637989839341763,6.393370849311331,6.924958855927721,7.218659152505524,6.623454506639126,5.558362296025199,8.223980538065678,6.391839059476445
2004-03-01,9.320555113163497,8.493243047866894,7.778697705970683,8.806096961082922,9.081561086548096,6.679038404039761,7.252177953125893,7.574479970348524,6.922504689368791,5.788798467768541,8.680393034841337,6.611144439802796
2004-04-01,9.39582690175753,8.565333514663553,7.833172393320109,8.86440866583522,9.23330025637068,6.855273426007491,7.382272690570124,7.668844961556975,7.087495723497139,6.022443472081962,8.651926442980272,6.672136196010037
2004-05-03,9.857380993950326,8.99574119974751,8.208205016857217,9.298049031271937,9.589672586545772,7.0828436258140615,7.631560774861734,7.917377567806905,7.336969720515474,6.20836627855319,8.919201940826472,7.035785985533072
2004-06-01,9.890443712310336,9.044662481663845,8.258914153599095,9.350880314434985,9.66897462760663,7.204286676240668,7.720332998871471,7.999673643622884,7.432900190765657,6.387547061294918,8.96009405870808,7.121776722296502
2004-07-01,10.097162157068906,9.232229494536991,8.422602296400704,9.547311137934035,9.856304176022345,7.332997783720452,7.848127243209024,8.136511718814843,7.551953339196293,6.524367972134226,9.113581552483696,7.273101278148575
2004-08-02,10.513495940905404,9.495805808384915,8.658012883734202,9.916196130370047,10.418362881468358,7.509735519372396,8.15147543735122,8.506457773243682,7.788647303958518,6.512197750530135,9.740928733660436,7.23095486380958
2004-09-01,11.18449866699509,10.016585996794202,9.113334045799437,10.524092307119414,11.270483807583954,7.981894049666827,8.691968959465779,9.087809391595547,8.288339721828786,6.885808588272457,10.469977228934791,7.450690382889413
2004-10-01,10.500263280207767,9.434083769934842,8.599312595757148,9.888913444367354,10.545981639999734,7.55393518806855,8.221361651050984,8.583842615055758,7.851539242183825,6.518588352478005,9.86822669836316,7.07760766852219
2004-11-01,10.562762745217235,9.51203207868474,8.665562169205486,9.954531251462107,10.642944855500257,7.695548238068839,8.316705581579086,8.660381362939894,7.965718940277977,6.7323161703050305,9.859785952238065,7.186034294425769
2004-12-01,10.264685760259095,9.238223819449608,8.39888173653196,9.631750705691044,10.301345480010205,7.439411356405778,8.04789340465797,8.38319676107,7.705860919138363,6.498388459916038,9.561750560996952,6.958853697316791
2005-01-03,10.240006460716945,9.219658485609195,8.373297005067037,9.567250367766821,10.165377416051324,7.256286303970616,7.84578171096304,8.18017900219794,7.504358610781248,6.344713879085484,9.327837509436954,6.971595049550494
2005-02-01,10.452647519713931,9.360647947717137,8.505138410362134,9.766865193577479,10.374597065565872,7.240878437633702,7.927656708822495,8.311923271688993,7.536557051035864,6.184534061091629,9.657800361543622,6.965237208737407
2005-03-01,10.93138147985706,9.728861984749294,8.84804411892015,10.23979472958052,11.04528664396125,7.653733037641852,8.405230874474423,8.827133609657324,7.977048938291187,6.50659998186478,10.317425573070626,7.123568370111033
2005-04-01,11.115337613477116,9.883604262588918,8.978680425090912,10.40784172596998,11.266511226358888,7.766526711788413,8.521686737716161,8.954832731865592,8.081822173568831,6.615161904211453,10.460566262424798,7.1996110767863275
2005-05-02,11.652103670778558,10.301404768649602,9.351212190696723,10.91250827303709,11.942337005211856,8.141207210080804,8.964625884086598,9.436948492590291,8.485552979054379,6.889394087778911,11.086243798695094,7.369095453244645
2005-06-01,10.961113250477283,9.762068549728387,8.870017126554508,10.268052082895363,11.055396678113638,7.6761806754043205,8.397411068450289,8.82533068938034,7.963414484603049,6.586974018603375,10.290489162951832,7.165415767590444
2005-07-01,10.953064283384162,9.689577417874196,8.805616001928307,10.24428067166312,11.170927505068317,7.605863293172477,8.386689987470808,8.860182925582794,7.907125130214232,6.434620113811573,10.467721570004219,6.952121662561717
2005-08-01,10.604052033367317,9.40047685216927,8.545726018312628,9.917586794062005,10.765711711259062,7.394338086333185,8.125098834327193,8.59075590589391,7.653895936799948,6.31366955202759,10.134533467746243,6.797507708921757
2005-09-01,9.993333525650128,8.856099047192757,8.062590023767303,9.32910293760758,10.108962334410144,6.917098261130805,7.64742073725857,8.102051792411435,7.1871279900657115,5.829151154403167,9.6252415082019,6.384684629951987
2005-10-03,9.790921483089399,8.685612235153318,7.9120296383443645,9.143553868427091,9.89804243735486,6.796252566491634,7.5238087753076055,7.9598351971966075,7.082116630841306,5.703367954714378,9.450805706555233,6.276963129155111
2005-11-01,10.861754549341086,9.609930167755444,8.751535349968687,10.198452216298538,11.118537774556604,7.6383112503012995,8.425879625945809,8.887362180054259,7.958532491215542,6.4519567272576905,10.489403141707943,6.912232245171901
2005-12-01,10.055055965637782,8.90047098045017,8.107655496531518,9.411874929128672,10.308886254108863,7.123725873446607,7.8523363677151625,8.284801841733792,7.414414558604476,6.029852298600424,9.775207634572514,6.394144535041502
2006-01-03,9.842117941674712,8.670234603099614,7.90969848330747,9.209417968838562,10.179717195790182,6.973974562761676,7.743025681629967,8.187969515393622,7.292902671006685,5.816442887143092,9.750056704040343,6.133877932625875
2006-02-01,9.262658966737725,8.179052038320744,7.429063989098061,8.592799120092565,9.363955701391502,6.35642107858474,7.081402230351608,7.466012311262937,6.688780616046208,5.234796321212243,8.852498958972843,5.786080914859726
2006-03-01,9.300794145206414,8.227079007357595,7.466332846145085,8.631246414849315,9.290855132541399,6.29360763831186,7.030075495643406,7.410046863348829,6.641953184376437,5.151008842174853,8.804555153731087,5.852529447896848
2006-04-03,9.91909330377947,8.77788540690625,7.980966360937791,9.270431547203684,10.059999612565518,6.9049162515018025,7.652491836117137,8.047197369217995,7.2501422216777245,5.752186164370587,9.4828027497885,6.275927620779487
2006-05-01,9.67065681248982,8.556630325529312,7.770482206916429,9.008916459551731,9.825437148098825,6.767646412150352,7.471407652822992,7.8457270348123,7.088684407028167,5.6789878234579705,9.18712387730305,6.107742729586874
2006-06-01,10.273920246633072,9.019260050098566,8.203431931211913,9.605759270347614,10.616352086141978,7.182542941101588,7.995917569103184,8.430361950579822,7.554208801584594,5.937229867879923,10.01276995815006,6.300712081431348
2006-07-03,10.49200362959577,9.242178725873785,8.39198354416375,9.811059905013519,10.736176294852196,7.280047805930079,8.091083974831847,8.494187195574444,7.679220042112478,6.020161825058801,10.013781537335698,6.528197114325307
2006-08-01,11.46997231876583,9.960348041141675,9.040960769355122,10.719900366262136,12.047743824140934,7.9069381693229746,8.90395799642043,9.410492916388936,8.390044337257363,6.378045244764308,11.332500502478338,6.732225817644499
2006-09-01,10.893987656572612,9.50113571783171,8.634945499932932,10.197931963076257,11.339184280705727,7.517271564530459,8.449825612418604,8.930542820415365,7.962685369549627,6.0932484952687105,10.744039778142845,6.516157226259223
2006-10-02,10.816176964979496,9.43804601595688,8.57856111426174,10.133693528853183,11.18875577477274,7.388860142684517,8.338573873738998,8.828027813478778,7.843508739835325,5.943009781376873,10.685450988417134,6.484101226417538
2006-11-01,10.16762465868053,8.868493706360624,8.060849799444526,9.504680598861093,10.491496055154359,6.91636941359095,7.830090629413156,8.299527851471634,7.355273145876473,5.525309672870327,10.084845680316889,6.069761067568424
2006-12-01,9.914743210332588,8.672404104987596,7.869068888441477,9.249473934548046,10.270868570052194,6.881954328013884,7.7068918536684405,8.134999973889823,7.272769200336127,5.623551424998552,9.74013403061078,5.9839630876925565
2007-01-03,10.10645268927226,8.836180992816779,8.043731125845422,9.483678905593118,10.450850884107222,6.96969371960845,7.821938860038036,8.262855844786166,7.3750732905458305,5.6714772227242305,9.92288617491801,6.092927877377585
2007-02-01,10.27057152016746,8.925054987373127,8.143378831745519,9.658173618598598,10.724744715350386,7.0318500055668975,7.94976281954014,8.446513317351378,7.445717800607987,5.640150559612245,10.25522195761106,6.032854250341724
2007-03-01,11.004856249979467,9.561941173670775,8.706262685724585,10.355036279348372,11.58358373018029,7.6436400624181555,8.56305931565593,9.066277991592454,8.052426267435298,6.251556472424991,10.885748080286817,6.47701780199943
2007-04-02,11.004331643761244,9.530970172817522,8.681846115202173,10.356938986974251,11.595264986817,7.572884201477126,8.534258429108842,9.059540179091075,8.001918046046374,6.121208654875199,10.969652776356597,6.3866991631010395
2007-05-01,10.681540161393354,9.241143252327234,8.395256652976958,10.011663262783067,11.19824404395695,7.256483262434044,8.22629322378119,8.764949491099872,7.6815013960428,5.804025412499625,10.71844690647319,6.162621793935141
2007-06-01,10.704512055099658,9.237701241796238,8.399408347237358,10.043363967189144,11.168292415151182,7.139657048710779,8.160243776988164,8.720833278333618,7.594098186850773,5.613891683779237,10.778212190541424,6.1029419838787735
2007-07-02,10.366410148433847,8.983778890695259,8.180970060240256,9.729316613442073,10.872052019258472,7.116763234840251,8.029384818651476,8.545377748584704,7.507845653536571,5.7572589027429455,10.401401915586984,6.022195394211427
2007-08-01,11.093593275657065,9.64764280400756,8.752149453319724,10.424605312995494,11.544473335260118,7.604354078128184,8.49896917467261,9.010019656750433,7.982032838366138,6.272905215641278,10.834250114513,6.549216635763067
2007-09-04,10.945320926238145,9.510543767644952,8.614205774127615,10.25911856305919,11.374474153162307,7.457330860438138,8.34029787846724,8.848300251942497,7.8265738053789,6.147015390293653,10.656779213175005,6.430749408128311
2007-10-01,10.463931670481186,9.097481205210922,8.244136675570758,9.796521256324088,10.893094717449724,7.183197392715668,8.010290207985694,8.483477031856811,7.531963865003521,5.955403660877634,10.17521696489574,6.15492892479188
2007-11-01,10.79808094803203,9.402372728803465,8.461841228221845,10.032954429191609,11.308138181886607,7.52162050020726,8.288934510314828,8.71759603462301,7.8543053014728414,6.369775465269423,10.256600233931113,6.386656506610855
2007-12-03,11.495195678793134,9.973526631354822,8.991739973698042,10.717421957067996,12.18197642610901,8.087295128059635,8.915720842059915,9.362211516119645,8.463426460436207,6.8366434777599405,11.004762653426248,6.719442846631307
2008-01-02,11.712572530739497,10.154402682429842,9.161420136160503,10.930160871297856,12.507366691344934,8.338807212820033,9.156132181174215,9.590146712737635,8.716118258997696,7.099223145049871,11.196962106684927,6.830491307443398
2008-02-01,12.823409174951061,11.070422664545543,10.079712168075483,12.166345000780975,14.120656548876154,9.497141664677322,10.516038534928018,11.061873532126064,9.96373911889641,7.963221593663272,13.08818916501695,7.370399888289092
2008-03-03,12.641731520803523,10.876543024660013,9.99007087521342,12.135415573499442,14.20616674696853,9.591156109640252,10.69927585099224,11.313987741802523,10.07841288824376,7.938066318902592,13.560420647240123,7.1556184678627455
2008-04-01,12.171113580398973,10.50784751770275,9.597328460828368,11.574475681422204,13.37189512835144,8.988253288666993,9.974483708469851,10.523611903804731,9.418783284074328,7.512342557460383,12.513185395947502,6.978291958761318
2008-05-01,11.930420398084408,10.294578296137225,9.357750100742091,11.243478951137531,12.947069336602501,8.60190561691856,9.506692637968728,10.033932557019654,8.973036147200153,7.258765193659111,11.891026395991332,6.814698063118874
2008-06-02,12.516326991931681,10.778844190306591,9.789811773636515,11.805554650859351,13.679775668229755,9.086944455746515,10.012213220320776,10.556323942565871,9.461129364115695,7.715135376057125,12.460070831003422,7.099954631523597
2008-07-01,12.937038899962538,11.19030134965997,10.22076033445687,12.36861048630682,14.346070350622519,9.773065653981682,10.714514304030743,11.265728195682168,10.155342360843056,8.370077405428965,13.18915427671219,7.4826521632403775
2008-08-01,13.465600116264852,11.68167145808956,10.672827791294592,12.924110380374598,14.95518576653816,10.30188432997894,11.24500367428849,11.788281507349385,10.693645136264717,8.889989959711219,13.699200700280588,7.899247027435541
2008-09-02,13.98672207109386,12.106417818138326,11.04790324879148,13.414508328142993,15.450493103939444,10.523800702628794,11.516228456063482,12.094529049676916,10.930029319988478,9.046272443192848,14.124172343603991,8.133357817862287
2008-10-01,14.91285334201935,12.917622219988711,11.929954673520093,14.610045377527946,16.883876493390826,11.738979334837275,12.895007057500862,13.55064358792264,12.231804738355967,10.014239254706725,15.905379888424488,8.739362071491929
2008-11-03,15.912784817810932,13.936344460155969,12.909202785941233,15.79294136948246,17.9150706717353,12.770277704867471,13.861317106685611,14.463465544958321,13.249136117578498,11.114684480091054,16.62538180264601,9.749731911695303
2008-12-01,18.30797588558464,16.011647139293707,14.766639927888736,18.15022745867749,20.815921490619303,14.76247922734688,15.929981279308203,16.55551330685585,15.293082568411442,12.975191447322509,18.83186294236625,11.106086254767256
2009-01-02,15.529087208983272,13.530306276502891,12.538948315145637,15.37113367894607,17.62852146468945,12.402269441966363,13.511230042933665,14.09821726431022,12.913439978388453,10.702486736869687,16.249428378483376,9.294876972064504
2009-02-02,17.852350148366767,15.668200682504075,14.375197462706367,17.498389282658454,20.128784774551356,14.245024546295838,15.252293946816087,15.804983235975833,14.685308724785862,12.686907204766463,17.734400228269067,10.900696028291158
2009-03-02,20.384355521247887,18.016955737053706,16.30882890595753,19.766740258850124,22.834344040589638,16.152956550250085,17.066269751619025,17.568440933044993,16.549825277618258,14.735818681459945,19.30751029617348,12.551387815772209
2009-04-01,18.37477090668869,16.161657749489166,14.795575152776808,17.985968380816253,20.705484905539695,14.772140922611744,15.70743096861107,16.22369802731405,15.178501696385705,13.332655830103612,18.03144170936113,11.380367968534543
2009-05-01,17.464982831772534,15.426215039594204,14.239102348250965,17.27885518483159,19.72652125242853,14.253200547199896,15.13951013919499,15.643881188955099,14.623835997208555,12.902422190679829,17.3905600847444,11.095956322779843
2009-06-01,15.501418820684831,13.70891484278105,12.746700479030615,15.43923844543742,17.499428558750175,12.735225190979516,13.591522445973482,14.094945127646108,13.07674108491863,11.436810306173095,15.800833894700217,9.908562550968547
2009-07-01,16.577377184476894,14.704472109735844,13.639395240346254,16.498239875862165,18.643512153682984,13.611190010696884,14.444312134760406,14.935753233697714,13.941945567919124,12.350243776462456,16.600985357302367,10.737436409368906
2009-08-03,15.29177697568118,13.592166801453054,12.66455429713731,15.320522918675028,17.200405608281024,12.672028230072229,13.47688000377123,13.956264968588862,12.987301822814334,11.4589753826972,15.577031303831479,9.988343576419311
2009-09-01,15.492104297303877,13.759332250025636,12.81861902432453,15.512135152606255,17.406171839634865,12.764479967444586,13.612843736565306,14.104699968046287,13.110768321947596,11.480668586184217,15.797404659527437,10.088971275380331
2009-10-01,15.094012686814029,13.438221285003182,12.530229375340829,15.145768704804397,16.99646786950224,12.590516587806434,13.39770179770361,13.848059517698541,12.937295104412216,11.358240093661998,15.42733739517368,9.916669331330619
2009-11-02,15.519242319019511,13.760240531394041,12.815646304430794,15.535276812414335,17.542661470493147,12.854513403714174,13.724783164964771,14.217061313469381,13.223074978529725,11.53640538858296,15.946804919623503,10.025099556403227
2009-12-01,14.935277834977011,13.214292480920143,12.310848062441737,14.952184510762434,17.012479168370277,12.446236112627451,13.309169066004788,13.809209511213648,12.800459863072234,11.150068278536484,15.551370427608413,9.536456230853574
2010-01-04,15.097727597489573,13.378369453594097,12.401841291147054,15.043263242981485,17.043507424022565,12.452321191275617,13.276112077859924,13.77065541136211,12.771585466436841,11.217234354966443,15.442824125914555,9.664976546305493
2010-02-01,16.03157328158218,14.106966939214093,13.061316274358937,15.901237734314734,18.1595009969282,12.995658306876967,13.942798024031177,14.513526034615843,13.362116667160006,11.581313784092462,16.454744078333228,9.994471396800165
2010-03-01,14.77512496320681,12.977276313696539,11.972755125966872,14.56104692072433,16.70501524935446,11.846507119262606,12.762529390113798,13.334608707226359,12.180755399503095,10.489278687550607,15.243828628934985,9.113969084439312
2010-04-01,12.629198543782639,11.09083084278022,10.323128061823628,12.529862781953248,14.320843144824313,10.1323586210881,11.133199820563778,11.73650237836219,10.520340924431215,8.64027512021115,13.800423830875118,7.718178619344629
2010-05-03,13.175810398762433,11.633526636930359,10.880289673614453,13.237057714993039,14.998896316999044,10.83929566691082,11.858418501313373,12.47443517378124,11.233552826356142,9.325988965538713,14.58951803165669,8.252002141336966
2010-06-01,15.479193378053946,13.650634796006788,12.733086456538413,15.50419834143064,17.64536348199064,12.752314849624003,13.815449031969095,14.468060585652864,13.152937505473083,11.176411281493227,16.684983405936983,9.72698492610531
2010-07-01,16.6977509122753,14.621551155937107,13.608119561331101,16.640514807356332,19.10601490281747,13.531084395157112,14.723853887125049,15.470229424302184,13.96627009948832,11.7732842323377,17.983216275639478,10.20697542015463
2010-08-02,16.19881516260806,14.2012774328925,13.276010301928709,16.285544153567333,18.550208514513123,13.188168928066668,14.403351705928301,15.167813468132207,13.628403025995262,11.406647410244442,17.745719404674066,9.944050803693273
2010-09-01,17.91026290359976,15.603632726625705,14.539892237225827,17.904429231393703,20.60636605639159,14.434894236232587,15.754985070728878,16.592195603315616,14.905512834505096,12.503007323513614,19.399370985264497,10.726002242277598
2010-10-01,15.971015016567813,14.015212417509716,13.150396658078623,16.14558202293579,18.381702166156888,13.225870975195742,14.408935877708906,15.163211867820214,13.643621803047278,11.495075257838238,17.682371810416985,9.837068367523493
2010-11-01,14.951902429244113,13.18575461014142,12.390417166738432,15.16883351488536,17.184599502756704,12.53830397853337,13.643453276555185,14.32402924127203,12.952539408508246,10.900834587433605,16.632235269296515,9.37518153142809
2010-12-01,16.020367655761248,14.107777894376895,13.233603577730069,16.226834233950306,18.44894940898709,13.448006759675458,14.588181327642214,15.26556833675128,13.901392082614073,11.746873969353988,17.617194928111534,9.996227844429173
2011-01-03,16.06205758296746,14.093349415842882,13.212568142783464,16.22334020911662,18.485789362753536,13.333477134418992,14.520275037580731,15.230430516095472,13.801062215392523,11.571440415215562,17.695384423239435,9.879640716689986
2011-02-01,15.770599233758563,13.84499975536837,12.984532468781595,15.92837631707038,18.137951403724806,12.987573784679274,14.197583416656311,14.910321613125067,13.473053284565495,11.176829378290432,17.383506480023513,9.546676878074734
2011-03-01,15.870984170277014,13.959392956369477,13.08738508981837,16.034450700412894,18.318654471679373,13.233718361340884,14.41545701041198,15.071127920920691,13.746459612913009,11.440076712979641,17.409145909019475,9.691456313018932
2011-04-01,16.041114926865863,14.151366310579427,13.26329466632119,16.22274189839792,18.495478511651253,13.484529232252829,14.655380089155967,15.24821221214776,14.046941323966976,11.676179717283365,17.4621050019516,9.927911629448438
2011-05-02,16.333134898218415,14.388120301934393,13.476350303012108,16.499845489635923,18.871641698170905,13.735888329461954,14.898094507448544,15.530161030125056,14.252409063232708,11.96703591851418,17.806853185502835,10.073281070692786
2011-06-01,16.74153189828187,14.810189569042919,13.87287304692919,16.94633064685305,19.26319890213144,14.142722963362964,15.288397161326618,15.874183984264834,14.686718138357978,12.374307351504843,18.042204542152753,10.50916575086671
2011-07-01,16.990386384607127,14.942739581819797,13.99051913777891,17.162055704818236,19.643883943564777,14.233467860900827,15.450792944771896,16.123420629484485,14.765622220417374,12.391336975225343,18.540439142361166,10.421932972244118
2011-08-01,17.535757880308367,15.4616257560239,14.449030237067007,17.693904449001053,20.272690975139685,14.7666862576608,15.913705066279382,16.575330293388625,15.2394677345971,13.03914210436703,18.88483992515464,10.881857266580464
2011-09-01,18.794916102717973,16.54098180987318,15.41112052570388,18.90250894572789,21.77473892863018,15.77384036488727,16.945279532019985,17.632131156613283,16.245803378109834,14.014823299111079,20.009755158816912,11.584981122245551
2011-10-03,19.239208357672478,17.007546274753004,15.851557196302979,19.357347118104727,22.15809002537348,16.241511942913476,17.331125284876393,17.95935235256849,16.68796096462173,14.584766130620096,20.121475375470844,12.118585069395804
2011-11-01,18.774973804847672,16.53495170602357,15.376203499466401,18.84037775938461,21.69455844434829,15.749257752187695,16.862627711832268,17.527795581058992,16.18452119330913,14.079979220947125,19.79665002268389,11.609979926120072
2011-12-01,18.679160453613353,16.353913767655868,15.201385008302504,18.698752685235775,21.684736453699816,15.50608017468269,16.701076428951733,17.445183473939906,15.945814753493037,13.740843040064622,19.953798757772546,11.26669767626245
2012-01-03,18.88503332855049,16.574243982844948,15.401646995400453,18.910462163332188,21.821352138649107,15.699644617329067,16.882436644566656,17.586002310585247,16.16722145231384,13.93486839327247,20.012920278811407,11.521926614595056
2012-02-01,17.457844293842673,15.416276439043886,14.356772268287488,17.484649334326253,20.092956827714616,14.661542200428347,15.722194031114856,16.275327894215728,15.145402998973267,12.96252633501702,18.175455982991974,10.77018184731906
2012-03-01,16.523162802537918,14.64423001789199,13.632121321238987,16.531067973149092,18.80040525840967,13.856657804295835,14.836650933178252,15.313250646302468,14.334914283313172,12.25580735731182,16.98136850811092,10.32948218439811
2012-04-02,16.368395911134947,14.531437074630492,13.535470330838816,16.405130335005637,18.64518049393964,13.852850392732474,14.800470703450452,15.262648843651515,14.314012814525512,12.305440133025503,16.87791904268603,10.314247033691526
2012-05-01,15.4657631923939,13.724632365579925,12.729618522633901,15.358482486570303,17.48602059916471,12.926181928768067,13.816569469444783,14.181701368256206,13.421588039167176,11.416288190505819,15.525684807548878,9.672533982312647
2012-06-01,16.621699719526827,14.77897446332559,13.683503397212338,16.50187877382452,18.787730533565437,13.937675958784258,14.829540604382574,15.178933505957271,14.446192045557549,12.407814362745118,16.46922922874583,10.479878226482398
2012-07-02,15.096612396711029,13.363904501493028,12.340185124836612,14.8474769370464,16.98561942606971,12.415560484762755,13.27579955518392,13.600779115572825,12.916045153853716,10.927581179141988,14.803650344706544,9.302325223442454
2012-08-01,15.654888959499358,13.8629957194909,12.873109058092492,15.561707745698339,17.91250786008327,13.141223495576115,14.047851997176597,14.489798201208192,13.577536835672177,11.644054211773259,15.982721856166293,9.693696130406826
2012-09-04,14.681936602543754,12.999234546405525,12.032053073573934,14.478381655333393,16.66348468223302,12.286600232534362,13.109888645936852,13.457474876431895,12.731219048507247,10.879434274519717,14.676393721164827,9.05809588823978
2012-10-01,13.682701780449346,12.00452261711138,11.077062500583912,13.313420252826047,15.552739794646598,11.170056681969154,12.023191200624073,12.346159141168433,11.666831952401658,9.69459878389527,13.54541922132968,8.089626680941574
2012-11-01,14.535830399263382,12.82291827660147,11.832386854736555,14.236678349420195,16.659416611755184,12.088894167258314,12.953207194958981,13.241243122373426,12.62775950291668,10.578076441644523,14.37306737508015,8.806639293128748
2012-12-03,15.157780505325125,13.461221396772661,12.435526118335982,14.940125436684237,17.25165002257796,12.726913397803497,13.590565958921342,13.855350725699832,13.287590538746308,11.208103084922595,14.952619335140405,9.47022938658828
2013-01-02,14.330396247627618,12.678429171168371,11.655036375373196,13.953946351814416,16.1929026279237,11.752218028362504,12.583141131284957,12.779178020852688,12.343800884874966,10.250664376198282,13.686718217443584,8.789922229053637
2013-02-01,15.157084187945902,13.348762109770785,12.298170781339435,14.760400251872463,17.123617770488366,12.163967949169674,13.117887769568593,13.434155484814415,12.7587667027645,10.519750472883338,14.698485430251607,9.097730437674523
2013-03-01,14.893129148962036,13.056378009511938,12.046708830996632,14.500329296542812,16.924037246737498,11.913690440702961,12.923382863940702,13.288153176338536,12.515246137440794,10.197155492239762,14.69527684066303,8.740137079330168
2013-04-01,15.321610791647622,13.33675857795229,12.319349122555101,14.909652326160705,17.44487676585722,12.091753734394949,13.215158115467919,13.702985337603234,12.683122998508512,10.2504083338117,15.453758010250196,8.742479378992375
2013-05-01,15.122564873836186,13.193299760286825,12.210759293017048,14.743089959200685,17.174010322364587,11.989285369324843,13.04576114999998,13.541603650912105,12.505867307081298,10.275501175420064,15.23070012474137,8.748161250013098
2013-06-03,15.415287666324717,13.32820141336577,12.332283649760711,14.962954580097687,17.582514983655017,12.044568266935363,13.219965263205967,13.811625986963527,12.581668001625811,10.180511674279247,15.79788709049419,8.580050891717384
2013-07-01,16.28251898839219,14.086350208400011,12.9654733255258,15.74465289598741,18.480740371519477,12.601050851551697,13.804648709464917,14.42338670049459,13.138485983769698,10.703632200321866,16.485510970946283,9.049559360352411
2013-08-01,15.975880019331301,13.810807172366978,12.723369050253975,15.437396259683055,18.146984698085266,12.374209751586008,13.57227981816964,14.169492727436817,12.929006786929321,10.480350826671359,16.203436926657353,8.880032757937983
2013-09-03,15.906425960886628,13.8021363486309,12.748011015047656,15.423293376585612,18.095021618436725,12.513022674570419,13.652678627772886,14.209447314800737,13.049329168425317,10.695670924968725,16.102567547605307,9.00690109782638
2013-10-01,14.569425502303869,12.669456658239486,11.789265780411572,14.23362105580388,16.589582408613325,11.600608503308528,12.691008376695834,13.2136380223558,12.12234373611949,9.85090519847489,14.994624429786786,8.333050082814552
2013-11-01,13.759237184483663,11.955224441468527,11.169749793174088,13.479330545537405,15.673582957153931,10.956212918599384,12.030354339149142,12.570267670440627,11.444423175436103,9.248698864803018,14.363564263955908,7.851153103867126
2013-12-02,14.868748901535689,12.916708267597944,11.9399086253819,14.437470632105764,16.788722565886506,11.641664981630484,12.731491080559776,13.293756160810677,12.122378260467048,9.926234228118691,15.147673316685651,8.39200378394347
2014-01-02,15.398336991936157,13.360484577923248,12.32488698058698,14.861562059717471,17.244252498647693,11.904061021754941,13.021929422911715,13.579864387158104,12.417199314337136,10.137622211261178,15.461825295150767,8.733982932906216
2014-02-03,16.305282055600312,14.168358274251624,13.058764003892565,15.793384289808587,18.360190005917953,12.796525141661451,13.919716408356564,14.486034393562687,13.299437043740149,11.008336713264267,16.331853182344382,9.27897627705574
2014-03-03,15.829605062728259,13.73879028003171,12.685289128087263,15.362148261002218,17.879769141521894,12.50330962045274,13.602284702236433,14.179447719685601,12.972850427201355,10.77192847781243,16.030380913386423,9.002330265170432
2014-04-01,15.914928952081953,13.842647051165935,12.762673144322756,15.451131176367582,17.905627716280947,12.532530495248096,13.636488744057761,14.207108520467472,13.013769861178037,10.789320438182015,16.051231505564246,9.067618055574256
2014-05-01,15.49694852322947,13.44435153356014,12.40208815997239,15.023849781363975,17.50721540463267,12.125406793863114,13.246426852865344,13.84441884106109,12.595954882717075,10.364551365535867,15.74596379380111,8.691128241056333
2014-06-02,15.74155765220695,13.669405329598018,12.652315915638269,15.290087523161633,17.708407140826978,12.31989708898067,13.418441438090255,14.034607410843725,12.751229862714464,10.614854432098909,15.954635727199706,9.007087594873608
2014-07-01,15.817087866697399,13.706536985335749,12.683308900931545,15.359750061724542,17.834804625705946,12.409823299161982,13.520244040248585,14.176141001442932,12.814120909517746,10.712922511276446,16.1901202263115,8.984342257513367
2014-08-01,16.01429882300367,13.99831288582507,12.953897245477064,15.589699578666604,17.87797959210171,12.690151817845852,13.723782846315903,14.282365108416851,13.114307048850527,11.069991879302288,16.036517068791234,9.457401965430012
2014-09-02,15.581418958960924,13.667334601720803,12.654199947393007,15.20002372637106,17.33734990784821,12.423381449006987,13.398965059833557,13.919014908956973,12.828693024017124,10.887345557184712,15.547490223400562,9.35274149577483
2014-10-01,16.223589755351764,14.25053704690109,13.182922259925455,15.825849271422786,18.004450377084467,12.901735820646287,13.880881501264874,14.438355042484009,13.273187717614565,11.379071971627951,16.130097503357675,9.79355234958419
2014-11-03,15.688299499238001,13.780315818828214,12.758546950783668,15.307311011333846,17.361350871051727,12.44695439457626,13.413718083075432,13.954551434730632,12.823239098046235,10.940002400245795,15.611293924967228,9.478967302878116
2014-12-01,15.919909302615531,13.985120722070832,12.935453642942573,15.508483030011465,17.747314131487755,12.711881190271912,13.633120642588747,14.169403528136137,13.047919502074755,11.284721462700231,15.7690094643282,9.65348249985325
2015-01-02,15.78543806460473,13.7927981766355,12.781318174348,15.386028008562057,17.616969847438412,12.523616097455648,13.528775826980578,14.144357227647486,12.864078951958579,10.995690351268417,15.978925176652247,9.342491134261
2015-02-02,16.312980158779,14.305711550073031,13.268048485169071,15.91699210839188,18.179113589831243,13.00527381774641,14.011014561350743,14.61092018493324,13.35089983067721,11.442172336092238,16.317941132236857,9.682033590425231
2015-03-02,15.480581495329272,13.639446149612189,12.645580177320426,15.079800370663765,17.155143255126347,12.316950793579773,13.257945544132843,13.766908693125446,12.688529495799328,10.820962987742977,15.254505915796246,9.360764889980944
2015-04-01,15.302230667773875,13.520965105570614,12.520873525590703,14.885655390699926,16.78986186343494,12.072909948493349,13.026852008588419,13.464031980075198,12.524839929039079,10.50619228556724,14.82072317560088,9.337654530923611
2015-05-01,14.811978402996573,13.093446941344089,12.159474342475129,14.432536010162789,16.218038392163734,11.653826951703827,12.58054560043027,13.097475381754698,12.002829775360425,10.18371096329831,14.572066222440672,9.040929684209974
2015-06-01,15.36457262668327,13.569761468854002,12.630730469239705,15.03636246299649,16.95542128471064,12.22224031854864,13.170718928282632,13.75290933219986,12.530168159768662,10.755756691791962,15.381267895693117,9.379181649137491
2015-07-01,16.206342092088267,14.31068401499942,13.32054405313392,15.899289542587546,17.929800482931068,12.93460119828782,13.922735648572292,14.547859133994724,13.239597285938398,11.423735041123262,16.29941065096552,9.916127615158077
2015-08-03,16.036522344382618,14.204672994932622,13.212787559674165,15.721391783339577,17.633251525559658,12.800788729578084,13.73590058551244,14.328416807216371,13.085181709549154,11.367130461531039,15.966710227188297,9.93540547532319
2015-09-01,17.655577299621793,15.658586438982635,14.535353608502511,17.316006858484556,19.449620394849187,14.164288738243114,15.128013732369961,15.727607898771701,14.468666027332144,12.677219456821408,17.395216485979994,11.019514296334322
2015-10-01,18.08583769600258,16.02640009573775,14.868922707552223,17.737023068477576,19.87988338572375,14.398563488064188,15.356877131172952,16.032088742576555,14.622935399071002,12.968240013411524,17.826279208525087,11.269254404023222
2015-11-02,17.170001482459774,15.178602705885957,14.092646268660314,16.805541456384,18.871038471953305,13.591652690415689,14.511385802760701,15.226104085334091,13.739829150054405,12.26247357035637,17.06150297789879,10.607659315424268
2015-12-01,17.14307978227756,15.224068351334896,14.132656978775104,16.79830642176341,18.68462739235277,13.572820200276414,14.459821226634539,15.124790991941506,13.73832200108398,12.272041609441908,16.838674055468438,10.789727460195575
2016-01-04,17.735288694298788,15.79330017683822,14.654206674641767,17.406053563875503,19.297578928891745,14.048113462110546,14.940906051871593,15.589405911376385,14.230819425531571,12.722629277129327,17.26551856442413,11.254436272872859
2016-02-01,18.590483483885013,16.561210143401727,15.3382144278567,18.22098722046368,20.197063852132267,14.677459961015593,15.620998467609626,16.252120593668252,14.926882188628365,13.24778062508971,17.956426224346366,11.813426736716902
2016-03-01,18.330072506163187,16.357332703102113,15.138527834308135,17.956419745280705,19.80953984311522,14.450917322405466,15.419619152546815,15.963819732511597,14.808716877097815,12.926840123813864,17.551294720425847,11.74089482718359
2016-04-01,17.05853137149478,15.186780423512314,14.08873105252022,16.690428278529758,18.493777965981085,13.452639350680528,14.432606432448836,14.944816827010122,13.852788975061504,11.890789024877924,16.495776645788652,10.802450517904916
2016-05-02,18.569467697055032,16.385724463977148,15.215643855691141,18.20988951958544,20.506909597892875,14.654054955823192,15.804393409774221,16.504051609245394,15.0451316203279,12.902015182676285,18.60214193656049,11.391161468834055
2016-06-01,19.16995144270073,16.876968406153114,15.655383041465164,18.777639623300125,21.213594029334626,15.07803572067219,16.258865253042053,17.02046165168367,15.440792830184025,13.307055865455354,19.271232134688134,11.671866667231235
2016-07-01,18.954516664996945,16.599782982220933,15.435930226762995,18.5787702706929,21.1433405872111,14.987349056459243,16.21889729751802,17.047774922391866,15.334640047185545,13.164207812057892,19.470696534989674,11.279438879228909
2016-08-01,17.830259751859657,15.789091870243777,14.707627840727898,17.519714645218333,19.762885569698184,14.38969952162541,15.41759988022433,16.051282754780537,14.724410220015871,12.822256727784698,17.901643937185476,11.121733831210957
2016-09-01,18.30059332463525,16.224416770678964,15.103092522455475,17.986549791147976,20.202526250448493,14.720215156652806,15.777532623416812,16.408434706223083,15.087460798986285,13.097207659263121,18.295823308795512,11.487563909937727
