date,close,adjclose,volume
2020-06-01,100.01000213623047,83.57559204101562,1600
2020-06-02,100.01300048828125,83.57810974121094,4000
2020-06-03,100.01499938964844,83.57978820800781,100
2020-06-04,100.01499938964844,83.57978820800781,2400
2020-06-05,100.01000213623047,83.57559204101562,400
2020-06-08,100.01000213623047,83.57559204101562,100
2020-06-09,100.01000213623047,83.57559204101562,100
2020-06-10,100.01499938964844,83.57978820800781,12300
2020-06-11,100.01499938964844,83.57978820800781,7587100
2020-06-12,100.01499938964844,83.57978820800781,4900
2020-06-15,100.01499938964844,83.57978820800781,8500
2020-06-16,100.01499938964844,83.57978820800781,100
2020-06-17,100.0199966430664,83.5839614868164,4600
2020-06-18,100.02400207519531,83.5873031616211,19600
2020-06-19,100.0250015258789,83.588134765625,5600
2020-06-22,100.0199966430664,83.5839614868164,22500
2020-06-23,100.0199966430664,83.5839614868164,1500
2020-06-24,100.0199966430664,83.5839614868164,17100
2020-06-25,100.0199966430664,83.5839614868164,10700
2020-06-26,100.01499938964844,83.57978820800781,51200
2020-06-29,100.0250015258789,83.588134765625,3700
2020-06-30,100.0250015258789,83.588134765625,700
2020-07-01,100.01499938964844,83.58479309082031,15100
2020-07-02,100.02100372314453,83.58982849121094,5300
2020-07-06,100.01499938964844,83.58479309082031,2400
2020-07-07,100.01499938964844,83.58479309082031,3900
2020-07-08,100.01499938964844,83.58479309082031,18700
2020-07-09,100.0250015258789,83.59314727783203,400
2020-07-10,100.02899932861328,83.59648132324219,26400
2020-07-13,100.0250015258789,83.59314727783203,1000
2020-07-14,100.0199966430664,83.58897399902344,6500
2020-07-15,100.0199966430664,83.58897399902344,9100
2020-07-16,100.0199966430664,83.58897399902344,14700
2020-07-17,100.0199966430664,83.58897399902344,18300
2020-07-20,100.0199966430664,83.58897399902344,1200
2020-07-21,100.0199966430664,83.58897399902344,157200
2020-07-22,100.0199966430664,83.58897399902344,9000
2020-07-23,100.0199966430664,83.58897399902344,10600
2020-07-24,100.0199966430664,83.58897399902344,1400
2020-07-27,100.0199966430664,83.58897399902344,23900
2020-07-28,100.0199966430664,83.58897399902344,16000
2020-07-29,100.0250015258789,83.59314727783203,1600
2020-07-30,100.0199966430664,83.58897399902344,17000
2020-07-31,100.0250015258789,83.59314727783203,1400
2020-08-03,100.01499938964844,83.59397888183594,300
2020-08-04,100.01499938964844,83.59397888183594,1400
2020-08-05,100.01499938964844,83.59397888183594,12800
2020-08-06,100.01499938964844,83.59397888183594,21500
2020-08-07,100.0199966430664,83.59814453125,10000
2020-08-10,100.01499938964844,83.59397888183594,25600
2020-08-11,100.01499938964844,83.59397888183594,20600
2020-08-12,100.0199966430664,83.59814453125,291300
2020-08-13,100.0199966430664,83.59814453125,600
2020-08-14,100.0250015258789,83.60236358642578,28700
2020-08-17,100.0250015258789,83.60236358642578,44700
2020-08-18,100.0199966430664,83.59814453125,8300
2020-08-19,100.0270004272461,83.60404968261719,2900
2020-08-20,100.0199966430664,83.59814453125,3000
2020-08-21,100.0199966430664,83.59814453125,11500
2020-08-24,100.0199966430664,83.59814453125,11300
2020-08-25,100.0250015258789,83.60236358642578,6700
2020-08-26,100.01000213623047,83.5898208618164,26000
2020-08-27,100.02999877929688,83.6065444946289,61700
2020-08-28,100.0199966430664,83.59814453125,700
2020-08-31,100.0199966430664,83.59814453125,20500
2020-09-01,100.0,83.58732604980469,44000
2020-09-02,100.01000213623047,83.59562683105469,14200
2020-09-03,100.01499938964844,83.59984588623047,3200
2020-09-04,100.01499938964844,83.59984588623047,500
2020-09-08,100.01499938964844,83.59984588623047,2200
2020-09-09,100.0199966430664,83.60401916503906,58600
2020-09-10,100.01499938964844,83.59984588623047,1600
2020-09-11,100.01499938964844,83.59984588623047,12500
2020-09-14,100.01499938964844,83.59984588623047,4900
2020-09-15,100.01499938964844,83.59984588623047,14800
2020-09-16,100.01499938964844,83.59984588623047,2500
2020-09-17,100.01499938964844,83.59984588623047,3000
2020-09-18,100.01499938964844,83.59984588623047,800
2020-09-21,100.01499938964844,83.59984588623047,58500
2020-09-22,100.01499938964844,83.59984588623047,16400
2020-09-23,100.01499938964844,83.59984588623047,11400
2020-09-24,100.01499938964844,83.59984588623047,11000
2020-09-25,100.0199966430664,83.60401916503906,800
2020-09-28,100.0199966430664,83.60401916503906,485200
2020-09-29,100.0199966430664,83.60401916503906,3300
2020-09-30,100.0199966430664,83.60401916503906,900
2020-10-01,100.01499938964844,83.60403442382812,31100
2020-10-02,100.01000213623047,83.599853515625,15000
2020-10-05,100.01899719238281,83.60735321044922,40200
2020-10-06,100.01499938964844,83.60403442382812,28100
2020-10-07,100.01499938964844,83.60403442382812,59500
2020-10-08,100.01499938964844,83.60403442382812,44300
2020-10-09,100.01499938964844,83.60403442382812,11100
2020-10-12,100.01499938964844,83.60403442382812,23100
2020-10-13,100.01499938964844,83.60403442382812,48400
2020-10-14,100.01499938964844,83.60403442382812,17000
2020-10-15,100.01499938964844,83.60403442382812,115600
2020-10-16,100.01499938964844,83.60403442382812,8200
2020-10-19,100.01499938964844,83.60403442382812,14600
2020-10-20,100.01499938964844,83.60403442382812,11400
2020-10-21,100.01499938964844,83.60403442382812,17100
2020-10-22,100.01499938964844,83.60403442382812,16100
2020-10-23,100.0199966430664,83.60818481445312,15200
2020-10-26,100.0199966430664,83.60818481445312,3400
2020-10-27,100.0199966430664,83.60818481445312,7700
2020-10-28,100.0199966430664,83.60818481445312,6100
2020-10-29,100.0199966430664,83.60818481445312,2100
2020-10-30,100.0199966430664,83.60818481445312,5000
2020-11-02,100.0199966430664,83.61235046386719,2100
2020-11-03,100.01499938964844,83.60819244384766,4200
2020-11-04,100.01499938964844,83.60819244384766,500
2020-11-05,100.01499938964844,83.60819244384766,2300
2020-11-06,100.01499938964844,83.60819244384766,3000
2020-11-09,100.0199966430664,83.61235046386719,11200
2020-11-10,100.01499938964844,83.60819244384766,2000
2020-11-11,100.01499938964844,83.60819244384766,8700
2020-11-12,100.01499938964844,83.60819244384766,3300
2020-11-13,100.01499938964844,83.60819244384766,35500
2020-11-16,100.01499938964844,83.60819244384766,5800
2020-11-17,100.01499938964844,83.60819244384766,2100
2020-11-18,100.0199966430664,83.61235046386719,782700
2020-11-19,100.01499938964844,83.60819244384766,190100
2020-11-20,100.01499938964844,83.60819244384766,7900
2020-11-23,100.0199966430664,83.61235046386719,4300
2020-11-24,100.0199966430664,83.61235046386719,11700
2020-11-25,100.01000213623047,83.60404968261719,4600
2020-11-27,100.0199966430664,83.61235046386719,7900
2020-11-30,100.0199966430664,83.61235046386719,8600
2020-12-01,100.01000213623047,83.60821533203125,9900
2020-12-02,100.01000213623047,83.60821533203125,9900
2020-12-03,100.01499938964844,83.61237335205078,23100
2020-12-04,100.01499938964844,83.61237335205078,15100
2020-12-07,100.01000213623047,83.60821533203125,44500
2020-12-08,100.01000213623047,83.60821533203125,65900
2020-12-09,100.01000213623047,83.60821533203125,7900
2020-12-10,100.01499938964844,83.61237335205078,35600
2020-12-11,100.01499938964844,83.61237335205078,32600
2020-12-14,100.01499938964844,83.61237335205078,46400
2020-12-15,100.01499938964844,83.61237335205078,82600
2020-12-16,100.0250015258789,83.6207504272461,6600
2020-12-17,100.01499938964844,83.61739349365234,13100
2020-12-18,100.01499938964844,83.61739349365234,73300
2020-12-21,100.01499938964844,83.61739349365234,36200
2020-12-22,100.01499938964844,83.61739349365234,80000
2020-12-23,100.01000213623047,83.61325073242188,48200
2020-12-24,100.01000213623047,83.61325073242188,22300
2020-12-28,100.01000213623047,83.61325073242188,46400
2020-12-29,100.01000213623047,83.61325073242188,47300
2020-12-30,100.01499938964844,83.61739349365234,3700
2020-12-31,100.01499938964844,83.61739349365234,47200
2021-01-04,100.01499938964844,83.61739349365234,74600
2021-01-05,100.01499938964844,83.61739349365234,4400
2021-01-06,100.01000213623047,83.61325073242188,15200
2021-01-07,100.01499938964844,83.61739349365234,42200
2021-01-08,100.01499938964844,83.61739349365234,39000
2021-01-11,100.01499938964844,83.61739349365234,21900
2021-01-12,100.01499938964844,83.61739349365234,19000
2021-01-13,100.01000213623047,83.61325073242188,9400
2021-01-14,100.01000213623047,83.61325073242188,67400
2021-01-15,100.01499938964844,83.61739349365234,19200
2021-01-19,100.01000213623047,83.61325073242188,125000
2021-01-20,100.01499938964844,83.61739349365234,154100
2021-01-21,100.01499938964844,83.61739349365234,21600
2021-01-22,100.01499938964844,83.61739349365234,63200
2021-01-25,100.0199966430664,83.62157440185547,68000
2021-01-26,100.0199966430664,83.62157440185547,62500
2021-01-27,100.0199966430664,83.62157440185547,101900
2021-01-28,100.0199966430664,83.62157440185547,21500
2021-01-29,100.0199966430664,83.62157440185547,40400
2021-02-01,100.01499938964844,83.62157440185547,68800
2021-02-02,100.01000213623047,83.61743927001953,54200
2021-02-03,100.01000213623047,83.61743927001953,56000
2021-02-04,100.01000213623047,83.61743927001953,136900
2021-02-05,100.01499938964844,83.62157440185547,71500
2021-02-08,100.01499938964844,83.62157440185547,106700
2021-02-09,100.01000213623047,83.61743927001953,34100
2021-02-10,100.01499938964844,83.62157440185547,47600
2021-02-11,100.01499938964844,83.62157440185547,76400
2021-02-12,100.01499938964844,83.62157440185547,29700
2021-02-16,100.01499938964844,83.62157440185547,28700
2021-02-17,100.01000213623047,83.61743927001953,47900
2021-02-18,100.01499938964844,83.62157440185547,65700
2021-02-19,100.01499938964844,83.62157440185547,25300
2021-02-22,100.01499938964844,83.62157440185547,28600
2021-02-23,100.01499938964844,83.62157440185547,48200
2021-02-24,100.0199966430664,83.62576293945312,67500
2021-02-25,100.01000213623047,83.61743927001953,52100
2021-02-26,100.01499938964844,83.62157440185547,33700
2021-03-01,100.02999877929688,83.63417053222656,19900
2021-03-02,100.02999877929688,83.63417053222656,199600
2021-03-03,100.01000213623047,83.61743927001953,29500
2021-03-04,100.0199966430664,83.62576293945312,16300
2021-03-05,100.0199966430664,83.62576293945312,13400
2021-03-08,100.0199966430664,83.62576293945312,30000
2021-03-09,100.01499938964844,83.62157440185547,24600
2021-03-10,100.0199966430664,83.62576293945312,17800
2021-03-11,100.01499938964844,83.62157440185547,14600
2021-03-12,100.01499938964844,83.62157440185547,19800
2021-03-15,100.0199966430664,83.62576293945312,16800
2021-03-16,100.0250015258789,83.62995147705078,12500
2021-03-17,100.0250015258789,83.62995147705078,5700
2021-03-18,100.0199966430664,83.62576293945312,15900
2021-03-19,100.0250015258789,83.62995147705078,12700
2021-03-22,100.02100372314453,83.62660217285156,26500
2021-03-23,100.02799987792969,83.63248443603516,103200
2021-03-24,100.0250015258789,83.62995147705078,41300
2021-03-25,100.0199966430664,83.62576293945312,14500
2021-03-26,100.0250015258789,83.62995147705078,20500
2021-03-29,100.01499938964844,83.62157440185547,109300
2021-03-30,100.0250015258789,83.62995147705078,4300
2021-03-31,100.01499938964844,83.62157440185547,67300
2021-04-01,100.0250015258789,83.63081359863281,7900
2021-04-05,100.0199966430664,83.6265640258789,110600
2021-04-06,100.02999877929688,83.63496398925781,24800
2021-04-07,100.0199966430664,83.6265640258789,58000
2021-04-08,100.02999877929688,83.63496398925781,31400
2021-04-09,100.0199966430664,83.6265640258789,14000
2021-04-12,100.0199966430664,83.6265640258789,68200
2021-04-13,100.0250015258789,83.63081359863281,21200
2021-04-14,100.0250015258789,83.63081359863281,38400
2021-04-15,100.0250015258789,83.63081359863281,52700
2021-04-16,100.02999877929688,83.63496398925781,183400
2021-04-19,100.02999877929688,83.63496398925781,199900
2021-04-20,100.0250015258789,83.63081359863281,83000
2021-04-21,100.0199966430664,83.6265640258789,19700
2021-04-22,100.02999877929688,83.63496398925781,31300
2021-04-23,100.02999877929688,83.63496398925781,30000
2021-04-26,100.0199966430664,83.6265640258789,98100
2021-04-27,100.0199966430664,83.6265640258789,47200
2021-04-28,100.0250015258789,83.63081359863281,21100
2021-04-29,100.02999877929688,83.63496398925781,27800
2021-04-30,100.02999877929688,83.63496398925781,16200
2021-05-03,100.02999877929688,83.63832092285156,65300
2021-05-04,100.0199966430664,83.62992858886719,20500
2021-05-05,100.0250015258789,83.63417053222656,27300
2021-05-06,100.0250015258789,83.63417053222656,16400
2021-05-07,100.02200317382812,83.63163757324219,20200
2021-05-10,100.02999877929688,83.63832092285156,39500
2021-05-11,100.0199966430664,83.62992858886719,39300
2021-05-12,100.0250015258789,83.63417053222656,28100
2021-05-13,100.0199966430664,83.62992858886719,58500
2021-05-14,100.0250015258789,83.63417053222656,22300
2021-05-17,100.0199966430664,83.62992858886719,10700
2021-05-18,100.0250015258789,83.63417053222656,22500
2021-05-19,100.0199966430664,83.62992858886719,48500
2021-05-20,100.0199966430664,83.62992858886719,40300
2021-05-21,100.0199966430664,83.62992858886719,16300
2021-05-24,100.02799987792969,83.63665771484375,11300
2021-05-25,100.02999877929688,83.63832092285156,15000
2021-05-26,100.0250015258789,83.63417053222656,8100
2021-05-27,100.0199966430664,83.62992858886719,13600
2021-05-28,100.02999877929688,83.63832092285156,9200
2021-06-01,100.0250015258789,83.6358413696289,16300
2021-06-02,100.0250015258789,83.6358413696289,17300
2021-06-03,100.0199966430664,83.63162231445312,18600
2021-06-04,100.0199966430664,83.63162231445312,17600
2021-06-07,100.02200317382812,83.63329315185547,24300
2021-06-08,100.02999877929688,83.63997650146484,22700
2021-06-09,100.0250015258789,83.6358413696289,23600
2021-06-10,100.0250015258789,83.6358413696289,33600
2021-06-11,100.0250015258789,83.6358413696289,9300
2021-06-14,100.0250015258789,83.6358413696289,42200
2021-06-15,100.0250015258789,83.6358413696289,10900
2021-06-16,100.0250015258789,83.6358413696289,26600
2021-06-17,100.02200317382812,83.63329315185547,32000
2021-06-18,100.01499938964844,83.62744903564453,16900
2021-06-21,100.01499938964844,83.62744903564453,21000
2021-06-22,100.02999877929688,83.63997650146484,19400
2021-06-23,100.0199966430664,83.63162231445312,55700
2021-06-24,100.0199966430664,83.63162231445312,17300
2021-06-25,100.02999877929688,83.63997650146484,21100
2021-06-28,100.0199966430664,83.63162231445312,21100
2021-06-29,100.0250015258789,83.6358413696289,37700
2021-06-30,100.0250015258789,83.6358413696289,33200
2021-07-01,100.02100372314453,83.63416290283203,19300
2021-07-02,100.02100372314453,83.63416290283203,4800
2021-07-06,100.0250015258789,83.63749694824219,22700
2021-07-07,100.0199966430664,83.63327026367188,11700
2021-07-08,100.0199966430664,83.63327026367188,33700
2021-07-09,100.0199966430664,83.63327026367188,10500
2021-07-12,100.0199966430664,83.63327026367188,8000
2021-07-13,100.0250015258789,83.63749694824219,15200
2021-07-14,100.0199966430664,83.63327026367188,12500
2021-07-15,100.0199966430664,83.63327026367188,8400
2021-07-16,100.0250015258789,83.63749694824219,14100
2021-07-19,100.0250015258789,83.63749694824219,33300
2021-07-20,100.0199966430664,83.63327026367188,211200
2021-07-21,100.02999877929688,83.64163970947266,27200
2021-07-22,100.0250015258789,83.63749694824219,55600
2021-07-23,100.02999877929688,83.64163970947266,16600
2021-07-26,100.02100372314453,83.63416290283203,32400
2021-07-27,100.0250015258789,83.63749694824219,21700
2021-07-28,100.02999877929688,83.64163970947266,10400
2021-07-29,100.02899932861328,83.6408462524414,36800
2021-07-30,100.0250015258789,83.63749694824219,8100
2021-08-02,100.01499938964844,83.63078308105469,9500
2021-08-03,100.0250015258789,83.63916015625,7700
2021-08-04,100.02999877929688,83.64334869384766,25800
2021-08-05,100.0250015258789,83.63916015625,9100
2021-08-06,100.0250015258789,83.63916015625,23100
2021-08-09,100.0199966430664,83.63495635986328,10200
2021-08-10,100.0199966430664,83.63495635986328,7600
2021-08-11,100.0199966430664,83.63495635986328,36400
2021-08-12,100.01499938964844,83.63078308105469,9800
2021-08-13,100.0250015258789,83.63916015625,18300
2021-08-16,100.02999877929688,83.64334869384766,42300
2021-08-17,100.01000213623047,83.6266098022461,42300
2021-08-18,100.0250015258789,83.63916015625,10000
2021-08-19,100.0199966430664,83.63495635986328,12500
2021-08-20,100.02999877929688,83.64334869384766,18600
2021-08-23,100.0199966430664,83.63495635986328,46500
2021-08-24,100.0250015258789,83.63916015625,7700
2021-08-25,100.0199966430664,83.63495635986328,16800
2021-08-26,100.0250015258789,83.63916015625,20900
2021-08-27,100.0250015258789,83.63916015625,3800
2021-08-30,100.0250015258789,83.63916015625,14700
2021-08-31,100.0250015258789,83.63916015625,15000
2021-09-01,100.0250015258789,83.64163208007812,3700
2021-09-02,100.02200317382812,83.63916015625,6900
2021-09-03,100.0250015258789,83.64163208007812,30800
2021-09-07,100.02999877929688,83.64582824707031,110700
2021-09-08,100.0250015258789,83.64163208007812,586900
2021-09-09,100.01699829101562,83.63496398925781,63900
2021-09-10,100.02999877929688,83.64582824707031,15000
2021-09-13,100.0250015258789,83.64163208007812,16600
2021-09-14,100.0199966430664,83.6374740600586,25400
2021-09-15,100.02999877929688,83.64582824707031,22300
2021-09-16,100.02999877929688,83.64582824707031,8200
2021-09-17,100.0250015258789,83.64163208007812,25200
2021-09-20,100.02200317382812,83.63916015625,91900
2021-09-21,100.0250015258789,83.64163208007812,42700
2021-09-22,100.0250015258789,83.64163208007812,13400
2021-09-23,100.02100372314453,83.63832092285156,22400
2021-09-24,100.0250015258789,83.64163208007812,28700
2021-09-27,100.0250015258789,83.64163208007812,32100
2021-09-28,100.0199966430664,83.6374740600586,25900
2021-09-29,100.02999877929688,83.64582824707031,41500
2021-09-30,100.0250015258789,83.64163208007812,17100
2021-10-01,100.01499938964844,83.63580322265625,45800
2021-10-04,100.02100372314453,83.64083862304688,17100
2021-10-05,100.0250015258789,83.64415740966797,274900
2021-10-06,100.01499938964844,83.63580322265625,42500
2021-10-07,100.01499938964844,83.63580322265625,322000
2021-10-08,100.0260009765625,83.64501190185547,22900
2021-10-11,100.0199966430664,83.63994598388672,8200
2021-10-12,100.0199966430664,83.63994598388672,27800
2021-10-13,100.0199966430664,83.63994598388672,51900
2021-10-14,100.0199966430664,83.63994598388672,19800
2021-10-15,100.0199966430664,83.63994598388672,13000
2021-10-18,100.02899932861328,83.64751434326172,26600
2021-10-19,100.0199966430664,83.63994598388672,10000
2021-10-20,100.0199966430664,83.63994598388672,16100
2021-10-21,100.02999877929688,83.64833068847656,16800
2021-10-22,100.0260009765625,83.64501190185547,28600
2021-10-25,100.01000213623047,83.63163757324219,29900
2021-10-26,100.0199966430664,83.63994598388672,8400
2021-10-27,100.01300048828125,83.63411712646484,56600
2021-10-28,100.01499938964844,83.63580322265625,78400
2021-10-29,100.0199966430664,83.63994598388672,25800
2021-11-01,100.0199966430664,83.6424560546875,11500
2021-11-02,100.02999877929688,83.65084075927734,16800
2021-11-03,100.02999877929688,83.65084075927734,32800
2021-11-04,100.0199966430664,83.6424560546875,33200
2021-11-05,100.0199966430664,83.6424560546875,25500
2021-11-08,100.0250015258789,83.64666748046875,20900
2021-11-09,100.0199966430664,83.6424560546875,11800
2021-11-10,100.02999877929688,83.65084075927734,17600
2021-11-11,100.0199966430664,83.6424560546875,22000
2021-11-12,100.0199966430664,83.6424560546875,9600
2021-11-15,100.0199966430664,83.6424560546875,30300
2021-11-16,100.01000213623047,83.63414764404297,25600
2021-11-17,100.0199966430664,83.6424560546875,40200
2021-11-18,100.0199966430664,83.6424560546875,30900
2021-11-19,100.0199966430664,83.6424560546875,11800
2021-11-22,100.0199966430664,83.6424560546875,23200
2021-11-23,100.0260009765625,83.64752197265625,40700
2021-11-24,100.02999877929688,83.65084075927734,124000
2021-11-26,100.0199966430664,83.6424560546875,6300
2021-11-29,100.0250015258789,83.64666748046875,10400
2021-11-30,100.0199966430664,83.6424560546875,30100
2021-12-01,100.01499938964844,83.64080810546875,31400
2021-12-02,100.01499938964844,83.64080810546875,19600
2021-12-03,100.0199966430664,83.6449966430664,62500
2021-12-06,100.0199966430664,83.6449966430664,85700
2021-12-07,100.01799774169922,83.64334106445312,33300
2021-12-08,100.01499938964844,83.64080810546875,80100
2021-12-09,100.0199966430664,83.6449966430664,50400
2021-12-10,100.0250015258789,83.64918518066406,23200
2021-12-13,100.0250015258789,83.64918518066406,19500
2021-12-14,100.0199966430664,83.6449966430664,29600
2021-12-15,100.0199966430664,83.6449966430664,102800
2021-12-16,100.0250015258789,83.65337371826172,44800
2021-12-17,100.0199966430664,83.64918518066406,29100
2021-12-20,100.01499938964844,83.64498138427734,183000
2021-12-21,100.01899719238281,83.64830780029297,155300
2021-12-22,100.0199966430664,83.64918518066406,58000
2021-12-23,100.02899932861328,83.65670013427734,69100
2021-12-27,100.0199966430664,83.64918518066406,18300
2021-12-28,100.0199966430664,83.64918518066406,17300
2021-12-29,100.01499938964844,83.64498138427734,42200
2021-12-30,100.01499938964844,83.64498138427734,72300
2021-12-31,100.0250015258789,83.65337371826172,35000
2022-01-03,100.0199966430664,83.64918518066406,28300
2022-01-04,100.01100158691406,83.64167022705078,38300
2022-01-05,100.01499938964844,83.64498138427734,29600
2022-01-06,100.0199966430664,83.64918518066406,93800
2022-01-07,100.0250015258789,83.65337371826172,99900
2022-01-10,100.0199966430664,83.64918518066406,49700
2022-01-11,100.0199966430664,83.64918518066406,82800
2022-01-12,100.01899719238281,83.64830780029297,56300
2022-01-13,100.01499938964844,83.64498138427734,18800
2022-01-14,100.0250015258789,83.65337371826172,135300
2022-01-18,100.0270004272461,83.65504455566406,131400
2022-01-19,100.0250015258789,83.65337371826172,76100
2022-01-20,100.0199966430664,83.64918518066406,121500
2022-01-21,100.0199966430664,83.64918518066406,224300
2022-01-24,100.01000213623047,83.64079284667969,377900
2022-01-25,100.02200317382812,83.65086364746094,469500
2022-01-26,100.0250015258789,83.65337371826172,374100
2022-01-27,100.0199966430664,83.64918518066406,29200
2022-01-28,100.02899932861328,83.65670013427734,175700
2022-01-31,100.0250015258789,83.65337371826172,26900
2022-02-01,100.0270004272461,83.6567153930664,45500
2022-02-02,100.0199966430664,83.65084838867188,18200
2022-02-03,100.0199966430664,83.65084838867188,459900
2022-02-04,100.01899719238281,83.64998626708984,158300
2022-02-07,100.0250015258789,83.65503692626953,191400
2022-02-08,100.02300262451172,83.65337371826172,8006300
2022-02-09,100.0250015258789,83.65503692626953,133300
2022-02-10,100.0199966430664,83.65084838867188,232000
2022-02-11,100.01000213623047,83.6424560546875,318100
2022-02-14,100.0199966430664,83.65084838867188,135200
2022-02-15,100.0199966430664,83.65084838867188,377200
2022-02-16,100.02999877929688,83.65919494628906,133800
2022-02-17,100.02999877929688,83.65919494628906,165600
2022-02-18,100.02999877929688,83.65919494628906,574800
2022-02-22,100.02100372314453,83.65167999267578,65900
2022-02-23,100.02999877929688,83.65919494628906,591500
2022-02-24,100.0199966430664,83.65084838867188,476600
2022-02-25,100.02999877929688,83.65919494628906,137000
2022-02-28,100.02999877929688,83.65919494628906,106800
2022-03-01,100.02999877929688,83.66588592529297,193100
2022-03-02,100.0199966430664,83.65753936767578,55000
2022-03-03,100.0250015258789,83.66172790527344,225600
2022-03-04,100.02999877929688,83.66588592529297,709000
2022-03-07,100.02999877929688,83.66588592529297,371000
2022-03-08,100.02999877929688,83.66588592529297,703800
2022-03-09,100.0199966430664,83.65753936767578,406900
2022-03-10,100.02999877929688,83.66588592529297,250900
2022-03-11,100.02999877929688,83.66588592529297,180600
2022-03-14,100.02999877929688,83.66588592529297,383500
2022-03-15,100.0199966430664,83.65753936767578,190200
2022-03-16,100.02999877929688,83.66588592529297,232900
2022-03-17,100.02999877929688,83.66588592529297,768500
2022-03-18,100.02999877929688,83.66588592529297,428300
2022-03-21,100.02999877929688,83.66588592529297,860200
2022-03-22,100.03500366210938,83.67008209228516,722900
2022-03-23,100.04000091552734,83.67426300048828,315800
2022-03-24,100.04000091552734,83.67426300048828,385900
2022-03-25,100.02999877929688,83.66588592529297,306100
2022-03-28,100.02999877929688,83.66588592529297,174700
2022-03-29,100.04000091552734,83.67426300048828,180800
2022-03-30,100.05000305175781,83.68260192871094,404600
2022-03-31,100.05000305175781,83.68260192871094,293300
2022-04-01,100.02999877929688,83.68094635009766,207000
2022-04-04,100.02999877929688,83.68094635009766,138700
2022-04-05,100.02400207519531,83.67594909667969,87900
2022-04-06,100.0250015258789,83.6767578125,224800
2022-04-07,100.02999877929688,83.68094635009766,510800
2022-04-08,100.02999877929688,83.68094635009766,216000
2022-04-11,100.02999877929688,83.68094635009766,323000
2022-04-12,100.02999877929688,83.68094635009766,233500
2022-04-13,100.03500366210938,83.68514251708984,135400
2022-04-14,100.03800201416016,83.68763732910156,94600
2022-04-18,100.04000091552734,83.6893310546875,156400
2022-04-19,100.04000091552734,83.6893310546875,215300
2022-04-20,100.04000091552734,83.6893310546875,172000
2022-04-21,100.04000091552734,83.6893310546875,405100
2022-04-22,100.04000091552734,83.6893310546875,490900
2022-04-25,100.04499816894531,83.69349670410156,1185600
2022-04-26,100.05000305175781,83.69766998291016,1286300
2022-04-27,100.05000305175781,83.69766998291016,790500
2022-04-28,100.05999755859375,83.7060546875,233000
2022-04-29,100.05999755859375,83.7060546875,1319600
2022-05-02,100.02999877929688,83.70186614990234,493100
2022-05-03,100.02999877929688,83.70186614990234,265200
2022-05-04,100.02999877929688,83.70186614990234,1761100
2022-05-05,100.04000091552734,83.71025848388672,560000
2022-05-06,100.04000091552734,83.71025848388672,433700
2022-05-09,100.04000091552734,83.71025848388672,449800
2022-05-10,100.04000091552734,83.71025848388672,370600
2022-05-11,100.04000091552734,83.71025848388672,857300
2022-05-12,100.04000091552734,83.71025848388672,716900
2022-05-13,100.04000091552734,83.71025848388672,704500
2022-05-16,100.04000091552734,83.71025848388672,363800
2022-05-17,100.05000305175781,83.71859741210938,230500
2022-05-18,100.05000305175781,83.71859741210938,473800
2022-05-19,100.05999755859375,83.72695922851562,440400
2022-05-20,100.05000305175781,83.71859741210938,606400
2022-05-23,100.06500244140625,83.73114776611328,296500
2022-05-24,100.06999969482422,83.73533630371094,257200
2022-05-25,100.06999969482422,83.73533630371094,485200
2022-05-26,100.08000183105469,83.74371337890625,133600
2022-05-27,100.08000183105469,83.74371337890625,1204500
2022-05-31,100.08000183105469,83.74371337890625,637800
2022-06-01,100.04000091552734,83.74453735351562,366400
2022-06-02,100.05000305175781,83.75292205810547,247800
2022-06-03,100.05000305175781,83.75292205810547,380100
2022-06-06,100.04000091552734,83.74453735351562,215100
2022-06-07,100.04000091552734,83.74453735351562,307900
2022-06-08,100.04000091552734,83.74453735351562,270800
2022-06-09,100.05000305175781,83.75292205810547,570700
2022-06-10,100.05000305175781,83.75292205810547,1596800
2022-06-13,100.04000091552734,83.74453735351562,591800
2022-06-14,100.04000091552734,83.74453735351562,846000
2022-06-15,100.03500366210938,83.74034881591797,682700
2022-06-16,100.05999755859375,83.76130676269531,1536700
2022-06-17,100.06999969482422,83.76966857910156,672900
2022-06-21,100.08999633789062,83.78639221191406,1243100
2022-06-22,100.08000183105469,83.77801513671875,941500
2022-06-23,100.08999633789062,83.78639221191406,442700
2022-06-24,100.06999969482422,83.76966857910156,598100
2022-06-27,100.08999633789062,83.78639221191406,535200
2022-06-28,100.08999633789062,83.78639221191406,726700
2022-06-29,100.0999984741211,83.7947769165039,384900
2022-06-30,100.12000274658203,83.81151580810547,559800
2022-07-01,100.04000091552734,83.80229949951172,391400
2022-07-05,100.05000305175781,83.81068420410156,530700
2022-07-06,100.05000305175781,83.81068420410156,719300
2022-07-07,100.05999755859375,83.8190689086914,970200
2022-07-08,100.05999755859375,83.8190689086914,292400
2022-07-11,100.05999755859375,83.8190689086914,837100
2022-07-12,100.05000305175781,83.81068420410156,862500
2022-07-13,100.04000091552734,83.80229949951172,758000
2022-07-14,100.06999969482422,83.82743835449219,5133800
2022-07-15,100.05999755859375,83.8190689086914,746000
2022-07-18,100.06999969482422,83.82743835449219,459500
2022-07-19,100.08000183105469,83.83580017089844,747700
2022-07-20,100.08000183105469,83.83580017089844,854600
2022-07-21,100.08999633789062,83.84416961669922,865700
2022-07-22,100.11000061035156,83.86093139648438,1006500
2022-07-25,100.11000061035156,83.86093139648438,1699600
2022-07-26,100.0999984741211,83.85256958007812,658300
2022-07-27,100.12000274658203,83.86930847167969,342500
2022-07-28,100.12000274658203,83.86930847167969,1658300
2022-07-29,100.0999984741211,83.85256958007812,2338600
2022-08-01,100.02999877929688,83.89115905761719,642900
2022-08-02,100.03500366210938,83.89533996582031,351900
2022-08-03,100.05000305175781,83.90791320800781,565400
2022-08-04,100.05999755859375,83.91632843017578,638100
2022-08-05,100.05999755859375,83.91632843017578,913700
2022-08-08,100.05999755859375,83.91632843017578,513600
2022-08-09,100.08000183105469,83.93305969238281,234000
2022-08-10,100.06999969482422,83.9246826171875,453800
2022-08-11,100.08999633789062,83.94145202636719,1577700
2022-08-12,100.0999984741211,83.94984436035156,282700
2022-08-15,100.0999984741211,83.94984436035156,397400
2022-08-16,100.11000061035156,83.95823669433594,745300
2022-08-17,100.12000274658203,83.96660614013672,526400
2022-08-18,100.12999725341797,83.9749984741211,1230200
2022-08-19,100.12999725341797,83.9749984741211,625200
2022-08-22,100.16999816894531,84.00855255126953,1013200
2022-08-23,100.13999938964844,83.98339080810547,657900
2022-08-24,100.16000366210938,84.00016021728516,402300
2022-08-25,100.18499755859375,84.02111053466797,640400
2022-08-26,100.18499755859375,84.02111053466797,897100
2022-08-29,100.19000244140625,84.02532958984375,977800
2022-08-30,100.19000244140625,84.02532958984375,1400600
2022-08-31,100.19999694824219,84.03373718261719,890700
2022-09-01,100.05999755859375,84.05725860595703,1368400
2022-09-02,100.05999755859375,84.05725860595703,573100
2022-09-06,100.06999969482422,84.06562805175781,778200
2022-09-07,100.08999633789062,84.0824203491211,821200
2022-09-08,100.11000061035156,84.09925079345703,433700
2022-09-09,100.0999984741211,84.09083557128906,311200
2022-09-12,100.0999984741211,84.09083557128906,666300
2022-09-13,100.12999725341797,84.11604309082031,476700
2022-09-14,100.12000274658203,84.10762786865234,1081300
2022-09-15,100.1500015258789,84.1328353881836,875600
2022-09-16,100.1500015258789,84.1328353881836,1476600
2022-09-19,100.16000366210938,84.14122772216797,1143000
2022-09-20,100.18000030517578,84.15803527832031,804200
2022-09-21,100.19000244140625,84.16645050048828,1227800
2022-09-22,100.19999694824219,84.17485809326172,1182600
2022-09-23,100.22000122070312,84.191650390625,4600400
2022-09-26,100.22000122070312,84.191650390625,3325700
2022-09-27,100.2300033569336,84.20004272460938,1521600
2022-09-28,100.2300033569336,84.20004272460938,1412300
2022-09-29,100.26000213623047,84.22523498535156,827100
2022-09-30,100.2699966430664,84.23362731933594,1704200
2022-10-03,100.12000274658203,84.2395248413086,1338200
2022-10-04,100.12999725341797,84.24795532226562,1843100
2022-10-05,100.12999725341797,84.24795532226562,1071200
2022-10-06,100.16000366210938,84.273193359375,1018700
2022-10-07,100.16999816894531,84.28158569335938,1062300
2022-10-10,100.16999816894531,84.28158569335938,1169800
2022-10-11,100.18000030517578,84.29003143310547,2417600
2022-10-12,100.16000366210938,84.273193359375,4243800
2022-10-13,100.19000244140625,84.29841613769531,854200
2022-10-14,100.20999908447266,84.31526947021484,846300
2022-10-17,100.19999694824219,84.30687713623047,846200
2022-10-18,100.22000122070312,84.32369232177734,980700
2022-10-19,100.22000122070312,84.32369232177734,1640700
2022-10-20,100.23999786376953,84.34050750732422,853700
2022-10-21,100.26000213623047,84.35733032226562,2200100
2022-10-24,100.2699966430664,84.36571502685547,596900
2022-10-25,100.26000213623047,84.35733032226562,1384100
2022-10-26,100.26000213623047,84.35733032226562,1831900
2022-10-27,100.30999755859375,84.39938354492188,1775400
2022-10-28,100.30999755859375,84.39938354492188,1064300
2022-10-31,100.30999755859375,84.39938354492188,906400
2022-11-01,100.08000183105469,84.40866088867188,1764200
2022-11-02,100.0999984741211,84.42554473876953,926900
2022-11-03,100.13999938964844,84.45929718017578,1434100
2022-11-04,100.1500015258789,84.46772003173828,1553200
2022-11-07,100.16000366210938,84.47615051269531,1200100
2022-11-08,100.16999816894531,84.48456573486328,1239400
2022-11-09,100.19999694824219,84.50991821289062,968700
2022-11-10,100.20999908447266,84.51832580566406,1936300
2022-11-11,100.22000122070312,84.52677154541016,1748200
2022-11-14,100.22000122070312,84.52677154541016,2889500
2022-11-15,100.22000122070312,84.52677154541016,2778700
2022-11-16,100.20999908447266,84.51832580566406,1777700
2022-11-17,100.26000213623047,84.56049346923828,905100
2022-11-18,100.26000213623047,84.56049346923828,737300
2022-11-21,100.27999877929688,84.57736206054688,543200
2022-11-22,100.30999755859375,84.60264587402344,1424500
2022-11-23,100.33000183105469,84.61954498291016,642700
2022-11-25,100.33999633789062,84.62796020507812,518900
2022-11-28,100.36000061035156,84.64482879638672,911000
2022-11-29,100.36000061035156,84.64482879638672,1027500
2022-11-30,100.37000274658203,84.65328216552734,1182400
2022-12-01,100.12999725341797,84.68961334228516,2424800
2022-12-02,100.13999938964844,84.69808959960938,1084500
2022-12-05,100.16999816894531,84.72344207763672,1528400
2022-12-06,100.19000244140625,84.74037170410156,1681600
2022-12-07,100.18000030517578,84.7319107055664,1659700
2022-12-08,100.2300033569336,84.77422332763672,964100
2022-12-09,100.2300033569336,84.77422332763672,564000
2022-12-12,100.25,84.7911376953125,657600
2022-12-13,100.26000213623047,84.79956817626953,719700
2022-12-14,100.26000213623047,84.79956817626953,856400
2022-12-15,99.97000122070312,84.83097076416016,1977200
2022-12-16,99.9800033569336,84.8394775390625,2045200
2022-12-19,99.9800033569336,84.8394775390625,1939900
2022-12-20,100.0,84.8564453125,3801300
2022-12-21,100.0,84.8564453125,1293400
2022-12-22,100.05999755859375,84.90736389160156,1303700
2022-12-23,100.05999755859375,84.90736389160156,1577400
2022-12-27,100.08999633789062,84.93278503417969,1041700
2022-12-28,100.0999984741211,84.9412841796875,1368500
2022-12-29,100.13999938964844,84.97522735595703,10884200
2022-12-30,100.13999938964844,84.97522735595703,1916900
2023-01-03,100.16000366210938,84.9922103881836,1660100
2023-01-04,100.1500015258789,84.98373413085938,908200
2023-01-05,100.19000244140625,85.01765441894531,1809200
2023-01-06,100.20999908447266,85.03460693359375,1766200
2023-01-09,100.20999908447266,85.03460693359375,9842300
2023-01-10,100.20999908447266,85.03460693359375,2523900
2023-01-11,100.20999908447266,85.03460693359375,3007500
2023-01-12,100.27999877929688,85.09403228759766,865400
2023-01-13,100.29000091552734,85.1025161743164,1120200
2023-01-17,100.27999877929688,85.09403228759766,939800
2023-01-18,100.30999755859375,85.1194839477539,1381400
2023-01-19,100.33000183105469,85.13645935058594,1467700
2023-01-20,100.3499984741211,85.15343475341797,1379900
2023-01-23,100.3499984741211,85.15343475341797,2633000
2023-01-24,100.37999725341797,85.17888641357422,1226600
2023-01-25,100.38999938964844,85.1873779296875,1176000
2023-01-26,100.41999816894531,85.21282196044922,1151800
2023-01-27,100.43000030517578,85.2212905883789,2232000
2023-01-30,100.45999908447266,85.24678802490234,1174600
2023-01-31,100.45999908447266,85.24678802490234,1421600
2023-02-01,100.08000183105469,85.25872039794922,1804300
2023-02-02,100.12999725341797,85.30130767822266,2411400
2023-02-03,100.13999938964844,85.30982208251953,1896400
2023-02-06,100.13999938964844,85.30982208251953,1695900
2023-02-07,100.16000366210938,85.32686614990234,1221700
2023-02-08,100.16999816894531,85.33538818359375,2473800
2023-02-09,100.20999908447266,85.36943054199219,1081100
2023-02-10,100.22000122070312,85.37799072265625,1425500
2023-02-13,100.23999786376953,85.39501953125,2398700
2023-02-14,100.2300033569336,85.38648986816406,1309900
2023-02-15,100.26000213623047,85.41206359863281,1216900
2023-02-16,100.30000305175781,85.44611358642578,1744500
2023-02-17,100.30999755859375,85.45462799072266,1228600
2023-02-21,100.33000183105469,85.47167205810547,2903100
2023-02-22,100.3499984741211,85.48871612548828,9440100
2023-02-23,100.38999938964844,85.52278900146484,1708000
2023-02-24,100.4000015258789,85.53131866455078,2364400
2023-02-27,100.41000366210938,85.53982543945312,1759100
2023-02-28,100.43000030517578,85.55684661865234,1561400
2023-03-01,100.16000366210938,85.56371307373047,2607600
2023-03-02,100.20999908447266,85.60638427734375,3157500
2023-03-03,100.22000122070312,85.61497497558594,2467400
2023-03-06,100.20999908447266,85.60638427734375,1563600
2023-03-07,100.23999786376953,85.6320571899414,1258000
2023-03-08,100.25,85.6406021118164,1381400
2023-03-09,100.27999877929688,85.66621398925781,3052300
2023-03-10,100.30000305175781,85.68329620361328,3660800
2023-03-13,100.33000183105469,85.70892333984375,6303300
2023-03-14,100.3499984741211,85.72602081298828,2820100
2023-03-15,100.38999938964844,85.76018524169922,4904300
2023-03-16,100.41000366210938,85.77725982666016,2073800
2023-03-17,100.41999816894531,85.78580474853516,3651500
2023-03-20,100.43000030517578,85.79432678222656,2371500
2023-03-21,100.45999908447266,85.81999206542969,1727800
2023-03-22,100.44999694824219,85.81143951416016,2389900
2023-03-23,100.48999786376953,85.8456039428711,2302600
2023-03-24,100.52999877929688,85.87977600097656,3171100
2023-03-27,100.51000213623047,85.86270904541016,1457100
2023-03-28,100.54000091552734,85.8883285522461,1819600
2023-03-29,100.55000305175781,85.89685821533203,1724900
2023-03-30,100.56999969482422,85.9139404296875,2052700
2023-03-31,100.58000183105469,85.92250061035156,5189500
2023-04-03,100.2300033569336,85.93278503417969,3136300
2023-04-04,100.25,85.94994354248047,3701400
2023-04-05,100.29000091552734,85.98419189453125,2504500
2023-04-06,100.31999969482422,86.00993347167969,1478000
2023-04-10,100.33000183105469,86.01851654052734,3470600
2023-04-11,100.33000183105469,86.01851654052734,2727900
2023-04-12,100.3499984741211,86.03565979003906,10695300
2023-04-13,100.41000366210938,86.08710479736328,1510900
2023-04-14,100.41999816894531,86.0956802368164,1791500
2023-04-17,100.41999816894531,86.0956802368164,1412000
2023-04-18,100.44000244140625,86.11284637451172,1103200
2023-04-19,100.47000122070312,86.13856506347656,1948100
2023-04-20,100.51000213623047,86.1728515625,1421500
2023-04-21,100.5199966430664,86.181396484375,1293100
2023-04-24,100.52999877929688,86.18999481201172,1508900
2023-04-25,100.52999877929688,86.18999481201172,1922100
2023-04-26,100.52999877929688,86.18999481201172,1942700
2023-04-27,100.55999755859375,86.2157211303711,2307900
2023-04-28,100.55999755859375,86.2157211303711,2363900
2023-05-01,100.18000030517578,86.22602081298828,3549800
2023-05-02,100.19999694824219,86.24323272705078,1648600
2023-05-03,100.19999694824219,86.24323272705078,1600900
2023-05-04,100.25,86.28628540039062,4615700
2023-05-05,100.26000213623047,86.29489135742188,2130900
2023-05-08,100.2699966430664,86.3034896850586,2293300
2023-05-09,100.27999877929688,86.31209564208984,1693100
2023-05-10,100.30000305175781,86.32931518554688,1603000
2023-05-11,100.36000061035156,86.3809585571289,2600800
2023-05-12,100.37999725341797,86.39815521240234,1785600
2023-05-15,100.37000274658203,86.38955688476562,1435800
2023-05-16,100.4000015258789,86.4153823852539,1270500
2023-05-17,100.41000366210938,86.42398834228516,1095500
2023-05-18,100.44000244140625,86.44984436035156,1892500
2023-05-19,100.44999694824219,86.45842742919922,1328000
2023-05-22,100.45999908447266,86.46703338623047,1356300
2023-05-23,100.4800033569336,86.4842300415039,1877900
2023-05-24,100.4800033569336,86.4842300415039,2186900
2023-05-25,100.54000091552734,86.535888671875,2024700
2023-05-26,100.56999969482422,86.56170654296875,1473700
2023-05-30,100.58999633789062,86.57891845703125,2039800
2023-05-31,100.58999633789062,86.57891845703125,3443000
2023-06-01,100.2300033569336,86.64117431640625,3887000
2023-06-02,100.2300033569336,86.64117431640625,2531700
2023-06-05,100.25,86.65845489501953,2639000
2023-06-06,100.27999877929688,86.68437957763672,2431700
2023-06-07,100.29000091552734,86.69303894042969,2451600
2023-06-08,100.33000183105469,86.72763061523438,1433100
2023-06-09,100.33999633789062,86.73624420166016,2619600
2023-06-12,100.36000061035156,86.7535400390625,1647000
2023-06-13,100.37000274658203,86.76217651367188,2320600
2023-06-14,100.38999938964844,86.77947235107422,1624100
2023-06-15,100.44000244140625,86.82270050048828,1901500
2023-06-16,100.44000244140625,86.82270050048828,2270100
2023-06-20,100.47000122070312,86.8486328125,3109100
2023-06-21,100.4800033569336,86.85726165771484,1798200
2023-06-22,100.5199966430664,86.89186096191406,1363200
2023-06-23,100.54000091552734,86.90911865234375,1187700
2023-06-26,100.55000305175781,86.91779327392578,2400900
2023-06-27,100.55999755859375,86.9264144897461,1668000
2023-06-28,100.58999633789062,86.95235443115234,2234700
2023-06-29,100.62999725341797,86.98692321777344,2015600
2023-06-30,100.62999725341797,86.98692321777344,4448700
2023-07-03,100.26000213623047,87.0277328491211,3589900
2023-07-05,100.2699966430664,87.03640747070312,2078500
2023-07-06,100.30999755859375,87.07112884521484,6204900
2023-07-07,100.31999969482422,87.07981872558594,2019400
2023-07-10,100.33000183105469,87.0885009765625,2072800
2023-07-11,100.33999633789062,87.09716796875,2155900
2023-07-12,100.36000061035156,87.11454772949219,2323900
2023-07-13,100.4000015258789,87.14924621582031,2442000
2023-07-14,100.41000366210938,87.15794372558594,4713700
2023-07-17,100.43000030517578,87.17530059814453,1728200
2023-07-18,100.44000244140625,87.18397521972656,1857600
2023-07-19,100.45999908447266,87.20132446289062,1467800
2023-07-20,100.5,87.23604583740234,1409500
2023-07-21,100.51000213623047,87.24474334716797,1452700
2023-07-24,100.52999877929688,87.2620849609375,1536000
2023-07-25,100.54000091552734,87.27079010009766,1282900
2023-07-26,100.55999755859375,87.28813934326172,1641900
2023-07-27,100.5999984741211,87.32283782958984,1512500
2023-07-28,100.62000274658203,87.34021759033203,1323400
2023-07-31,100.62000274658203,87.34021759033203,3955300
2023-08-01,100.19999694824219,87.35941314697266,4694200
2023-08-02,100.2300033569336,87.38555908203125,2059600
2023-08-03,100.26000213623047,87.41170501708984,2615000
2023-08-04,100.27999877929688,87.42914581298828,2250100
2023-08-07,100.29000091552734,87.43785858154297,2017300
2023-08-08,100.30000305175781,87.44658660888672,2138300
2023-08-09,100.33000183105469,87.47274017333984,1914100
2023-08-10,100.36000061035156,87.49889373779297,3643500
2023-08-11,100.37000274658203,87.50763702392578,1948300
2023-08-14,100.4000015258789,87.53376770019531,2367100
2023-08-15,100.41000366210938,87.54248809814453,2725000
2023-08-16,100.43000030517578,87.5599365234375,3010900
2023-08-17,100.47000122070312,87.59480285644531,5092100
2023-08-18,100.4800033569336,87.60352325439453,2604900
2023-08-21,100.48999786376953,87.61224365234375,1967100
2023-08-22,100.5,87.62094116210938,2327200
2023-08-23,100.52999877929688,87.6470947265625,2200200
2023-08-24,100.56999969482422,87.68199157714844,2699900
2023-08-25,100.58000183105469,87.69070434570312,1902900
2023-08-28,100.5999984741211,87.70814514160156,1406500
2023-08-29,100.62000274658203,87.7255859375,2521800
2023-08-30,100.62000274658203,87.7255859375,1908500
2023-08-31,100.66999816894531,87.76917266845703,4114400
2023-09-01,100.2699966430664,87.79631805419922,6907600
2023-09-05,100.27999877929688,87.80506896972656,2632600
2023-09-06,100.30000305175781,87.82257843017578,2724500
2023-09-07,100.3499984741211,87.8663330078125,2697700
2023-09-08,100.36000061035156,87.8751220703125,2149500
2023-09-11,100.37000274658203,87.88386535644531,1968400
2023-09-12,100.37999725341797,87.89261627197266,1728600
2023-09-13,100.41000366210938,87.91888427734375,2152000
2023-09-14,100.44000244140625,87.9451675415039,2075300
2023-09-15,100.45999908447266,87.96267700195312,2323300
2023-09-18,100.47000122070312,87.971435546875,2307700
2023-09-19,100.4800033569336,87.98020935058594,1702900
2023-09-20,100.51000213623047,88.00645446777344,1965900
2023-09-21,100.54000091552734,88.03271484375,3186500
2023-09-22,100.55999755859375,88.05021667480469,3379500
2023-09-25,100.58000183105469,88.06773376464844,2866300
2023-09-26,100.58000183105469,88.06773376464844,2836000
2023-09-27,100.61000061035156,88.09402465820312,3450300
2023-09-28,100.63999938964844,88.12028503417969,2880000
2023-09-29,100.66999816894531,88.14654541015625,5697300
2023-10-02,100.2699966430664,88.1571044921875,6244400
2023-10-03,100.27999877929688,88.16590881347656,4955000
2023-10-04,100.30000305175781,88.18346405029297,3347400
2023-10-05,100.36000061035156,88.23622131347656,3345400
2023-10-06,100.37000274658203,88.24500274658203,3186900
2023-10-09,100.37999725341797,88.25379943847656,2533900
2023-10-10,100.37999725341797,88.25379943847656,2865400
2023-10-11,100.4000015258789,88.27139282226562,2673500
2023-10-12,100.44999694824219,88.31534576416016,2064200
2023-10-13,100.44999694824219,88.31534576416016,2499400
2023-10-16,100.4800033569336,88.34173583984375,2622000
2023-10-17,100.48999786376953,88.35055541992188,2367400
2023-10-18,100.51000213623047,88.36808776855469,5428500
2023-10-19,100.55000305175781,88.40325927734375,2599100
2023-10-20,100.56999969482422,88.42088317871094,2817300
2023-10-23,100.58999633789062,88.4384536743164,2585300
2023-10-24,100.5999984741211,88.4472427368164,2151500
2023-10-25,100.5999984741211,88.4472427368164,3023800
2023-10-26,100.66000366210938,88.49998474121094,2870600
2023-10-27,100.66000366210938,88.49998474121094,3906000
2023-10-30,100.68000030517578,88.517578125,3542400
2023-10-31,100.69999694824219,88.53511810302734,4720800
2023-11-01,100.29000091552734,88.5501708984375,9100400
2023-11-02,100.33000183105469,88.5854721069336,3989700
2023-11-03,100.33999633789062,88.59432983398438,3352000
2023-11-06,100.36000061035156,88.61196899414062,3746500
2023-11-07,100.36000061035156,88.61196899414062,3550900
2023-11-08,100.37999725341797,88.6296157836914,3479900
2023-11-09,100.43000030517578,88.67377471923828,2604100
2023-11-10,100.43000030517578,88.67377471923828,3029700
2023-11-13,100.44000244140625,88.68262481689453,7757900
2023-11-14,100.4800033569336,88.71792602539062,3774800
2023-11-15,100.4800033569336,88.71792602539062,3981800
2023-11-16,100.52999877929688,88.76209259033203,2420200
2023-11-17,100.55000305175781,88.77972412109375,2158800
2023-11-20,100.55999755859375,88.78854370117188,2597700
2023-11-21,100.58999633789062,88.81505584716797,2011400
2023-11-22,100.62999725341797,88.85037994384766,2190400
2023-11-24,100.66000366210938,88.8768539428711,1104400
2023-11-27,100.66000366210938,88.8768539428711,2890600
2023-11-28,100.66999816894531,88.88570404052734,1779200
2023-11-29,100.69999694824219,88.91215515136719,2921000
2023-11-30,100.7300033569336,88.93867492675781,6294600
2023-12-01,100.31999969482422,88.9679183959961,6708000
2023-12-04,100.33000183105469,88.97679138183594,3521600
2023-12-05,100.3499984741211,88.9945068359375,2138900
2023-12-06,100.3499984741211,88.9945068359375,2371200
2023-12-07,100.4000015258789,89.03887939453125,2551100
2023-12-08,100.41000366210938,89.0477294921875,2503500
2023-12-11,100.43000030517578,89.06547546386719,2478600
2023-12-12,100.44000244140625,89.0743637084961,2250300
2023-12-13,100.44999694824219,89.08319854736328,4326000
2023-12-14,100.05000305175781,89.13220977783203,5268100
2023-12-15,100.05999755859375,89.14111328125,3426500
2023-12-18,100.06999969482422,89.15000915527344,4107700
2023-12-19,100.0999984741211,89.17675018310547,4336200
2023-12-20,100.11000061035156,89.18566131591797,4477200
2023-12-21,100.16999816894531,89.2391357421875,4097500
2023-12-22,100.18000030517578,89.2480239868164,3353700
2023-12-26,100.19000244140625,89.25694274902344,2559900
2023-12-27,100.19999694824219,89.26583099365234,3096500
2023-12-28,100.26000213623047,89.31930541992188,3386700
2023-12-29,100.2699966430664,89.32821655273438,3189200
2024-01-02,100.29000091552734,89.3460464477539,5286200
2024-01-03,100.30000305175781,89.35494232177734,4597300
2024-01-04,100.3499984741211,89.39946746826172,2794100
2024-01-05,100.36000061035156,89.40837860107422,3491200
2024-01-08,100.38999938964844,89.43511199951172,2867500
2024-01-09,100.4000015258789,89.44403076171875,2419800
2024-01-10,100.41999816894531,89.46183013916016,1961400
2024-01-11,100.4800033569336,89.51528930664062,3164900
2024-01-12,100.48999786376953,89.5241928100586,2557900
2024-01-16,100.5,89.53311920166016,2713000
2024-01-17,100.51000213623047,89.5420150756836,2317700
2024-01-18,100.55000305175781,89.5776596069336,2672000
2024-01-19,100.58000183105469,89.60436248779297,3630100
2024-01-22,100.58999633789062,89.61329650878906,4307000
2024-01-23,100.61000061035156,89.631103515625,2066200
2024-01-24,100.62000274658203,89.64002227783203,3441600
2024-01-25,100.66999816894531,89.68453979492188,2426000
2024-01-26,100.66999816894531,89.68453979492188,2059100
2024-01-29,100.68000030517578,89.69345092773438,2914400
2024-01-30,100.70999908447266,89.72019958496094,3741000
2024-01-31,100.70999908447266,89.72019958496094,5171300
2024-02-01,100.30999755859375,89.77210998535156,7038600
2024-02-02,100.31999969482422,89.78104400634766,3864800
2024-02-05,100.33999633789062,89.79895782470703,3969400
2024-02-06,100.3499984741211,89.80789184570312,2167300
2024-02-07,100.37000274658203,89.82579040527344,2621200
2024-02-08,100.4000015258789,89.85263061523438,3838700
2024-02-09,100.43000030517578,89.8794937133789,3232500
2024-02-12,100.43000030517578,89.8794937133789,2792700
2024-02-13,100.44999694824219,89.89739227294922,3009000
2024-02-14,100.47000122070312,89.91527557373047,2614100
2024-02-15,100.5199966430664,89.96001434326172,2577800
2024-02-16,100.52999877929688,89.96898651123047,2920700
2024-02-20,100.55000305175781,89.98690795898438,3268600
2024-02-21,100.55999755859375,89.99581146240234,2302700
2024-02-22,100.5999984741211,90.03163146972656,2452200
2024-02-23,100.62999725341797,90.05847930908203,2010100
2024-02-26,100.63999938964844,90.06741333007812,2645100
2024-02-27,100.66000366210938,90.08534240722656,2360300
2024-02-28,100.66999816894531,90.09428405761719,4526200
2024-02-29,100.69999694824219,90.12110900878906,5560200
2024-03-01,100.31999969482422,90.14807891845703,7579200
2024-03-04,100.33000183105469,90.1570816040039,3613500
2024-03-05,100.33999633789062,90.16606140136719,3905300
2024-03-06,100.36000061035156,90.18403625488281,2760000
2024-03-07,100.41000366210938,90.22895812988281,2415500
2024-03-08,100.41999816894531,90.2379379272461,3748900
2024-03-11,100.44000244140625,90.25592041015625,3238400
2024-03-12,100.44999694824219,90.26490020751953,2613300
2024-03-13,100.45999908447266,90.2739028930664,2249300
2024-03-14,100.5,90.3098373413086,3469600
2024-03-15,100.5199966430664,90.3277816772461,3277300
2024-03-18,100.52999877929688,90.3367919921875,3576200
2024-03-19,100.55000305175781,90.35478210449219,2661900
2024-03-20,100.55999755859375,90.36372375488281,2492700
2024-03-21,100.5999984741211,90.39968872070312,3547400
2024-03-22,100.62000274658203,90.41765594482422,2636700
2024-03-25,100.63999938964844,90.43562316894531,2422900
2024-03-26,100.6500015258789,90.44462585449219,3181700
2024-03-27,100.69999694824219,90.48954010009766,2990800
2024-03-28,100.70999908447266,90.49856567382812,5425800
2024-04-01,100.29000091552734,90.52561950683594,7395400
2024-04-02,100.30999755859375,90.5436782836914,4202900
2024-04-03,100.31999969482422,90.55269622802734,4333600
2024-04-04,100.37000274658203,90.59782409667969,3427500
2024-04-05,100.37999725341797,90.60685729980469,3104200
2024-04-08,100.4000015258789,90.6249008178711,3511400
2024-04-09,100.41000366210938,90.6339340209961,3578500
2024-04-10,100.43000030517578,90.6520004272461,3893100
2024-04-11,100.47000122070312,90.68807983398438,3521100
2024-04-12,100.4800033569336,90.69713592529297,4235400
2024-04-15,100.5,90.71516418457031,4144700
2024-04-16,100.5,90.71516418457031,4850000
2024-04-17,100.52999877929688,90.74225616455078,3688400
2024-04-18,100.55999755859375,90.76930236816406,3235600
2024-04-19,100.58999633789062,90.79641723632812,3319500
2024-04-22,100.5999984741211,90.80542755126953,3547400
2024-04-23,100.61000061035156,90.81446075439453,4233300
2024-04-24,100.62000274658203,90.82347869873047,3200000
2024-04-25,100.66999816894531,90.86862182617188,2705900
2024-04-26,100.69000244140625,90.88665771484375,3008600
2024-04-29,100.69000244140625,90.88665771484375,2501900
2024-04-30,100.69999694824219,90.89567565917969,6488000
2024-05-01,100.30999755859375,90.93013000488281,8406600
2024-05-02,100.3499984741211,90.9664077758789,4369600
2024-05-03,100.37000274658203,90.98451232910156,4792400
2024-05-06,100.37999725341797,90.99359893798828,3623700
2024-05-07,100.37999725341797,90.99359893798828,3591500
2024-05-08,100.41000366210938,91.02079010009766,3109400
2024-05-09,100.44000244140625,91.04800415039062,2739600
2024-05-10,100.47000122070312,91.07518005371094,3005800
2024-05-13,100.4800033569336,91.08426666259766,3317000
2024-05-14,100.4800033569336,91.08426666259766,2765800
2024-05-15,100.5,91.10237884521484,4228600
2024-05-16,100.55000305175781,91.14772033691406,3699500
2024-05-17,100.55999755859375,91.15675354003906,4544200
2024-05-20,100.56999969482422,91.16582489013672,3341000
2024-05-21,100.58999633789062,91.18396759033203,3774900
2024-05-22,100.5999984741211,91.1930160522461,2609000
2024-05-23,100.66999816894531,91.2564697265625,3077800
2024-05-24,100.68000030517578,91.26553344726562,2512800
2024-05-28,100.69000244140625,91.27461242675781,3684600
2024-05-29,100.69000244140625,91.27461242675781,3971700
2024-05-30,100.70999908447266,91.2927474975586,3566800
2024-05-31,100.75,91.3290023803711,7082900
2024-06-03,100.33000183105469,91.34720611572266,9568200
2024-06-04,100.3499984741211,91.36540985107422,5355900
2024-06-05,100.37000274658203,91.38362121582031,4285300
2024-06-06,100.37000274658203,91.38362121582031,3376100
2024-06-07,100.41000366210938,91.42005157470703,3490400
2024-06-10,100.43000030517578,91.43827819824219,2732300
2024-06-11,100.44999694824219,91.45646667480469,3320000
2024-06-12,100.47000122070312,91.47467041015625,5355700
2024-06-13,100.4800033569336,91.48381042480469,3925700
2024-06-14,100.52999877929688,91.52930450439453,3505500
2024-06-17,100.54000091552734,91.53839111328125,3493700
2024-06-18,100.56999969482422,91.56571960449219,2972000
2024-06-20,100.58000183105469,91.57482147216797,3580700
2024-06-21,100.62000274658203,91.61122131347656,3460900
2024-06-24,100.62999725341797,91.6203384399414,3369500
2024-06-25,100.6500015258789,91.63856506347656,3561700
2024-06-26,100.66000366210938,91.64764404296875,4815500
2024-06-27,100.66999816894531,91.65674591064453,3349900
2024-06-28,100.70999908447266,91.69318389892578,7427800
2024-07-01,100.30999755859375,91.72883605957031,9965300
2024-07-02,100.31999969482422,91.73799896240234,5720900
2024-07-03,100.3499984741211,91.76542663574219,3986000
2024-07-05,100.38999938964844,91.80200958251953,3742000
2024-07-08,100.41000366210938,91.82029724121094,3263000
2024-07-09,100.41000366210938,91.82029724121094,4508000
2024-07-10,100.43000030517578,91.83860778808594,4062200
2024-07-11,100.44999694824219,91.85686492919922,4195600
2024-07-12,100.5,91.90260314941406,3369000
2024-07-15,100.5,91.90260314941406,3615100
2024-07-16,100.5199966430664,91.92086791992188,3622900
2024-07-17,100.52999877929688,91.9300308227539,3822100
2024-07-18,100.55000305175781,91.9483413696289,5291400
2024-07-19,100.58999633789062,91.98489379882812,2993600
2024-07-22,100.61000061035156,92.00318145751953,3386500
2024-07-23,100.62000274658203,92.01229858398438,2829200
2024-07-24,100.62999725341797,92.02147674560547,3474500
2024-07-25,100.6500015258789,92.03976440429688,3521700
2024-07-26,100.68000030517578,92.06719207763672,3172600
2024-07-29,100.70999908447266,92.0946273803711,3259000
2024-07-30,100.70999908447266,92.0946273803711,4559900
2024-07-31,100.72000122070312,92.10376739501953,7256900
2024-08-01,100.30000305175781,92.13409423828125,11015600
2024-08-02,100.3499984741211,92.18000793457031,7927400
2024-08-05,100.36000061035156,92.1891860961914,8712900
2024-08-06,100.37999725341797,92.20758056640625,5059100
2024-08-07,100.37999725341797,92.20758056640625,4611400
2024-08-08,100.41000366210938,92.2351303100586,3903300
2024-08-09,100.44000244140625,92.2626953125,5548300
2024-08-12,100.45999908447266,92.28105926513672,3845400
2024-08-13,100.4800033569336,92.2994613647461,4782200
2024-08-14,100.5,92.31781005859375,4327700
2024-08-15,100.51000213623047,92.32698822021484,4217800
2024-08-16,100.55000305175781,92.3637466430664,3638900
2024-08-19,100.55999755859375,92.37289428710938,3930700
2024-08-20,100.56999969482422,92.3821029663086,3084200
2024-08-21,100.5999984741211,92.40967559814453,3936000
2024-08-22,100.5999984741211,92.40967559814453,3849100
2024-08-23,100.63999938964844,92.44640350341797,3549900
2024-08-26,100.66000366210938,92.46476745605469,3969000
2024-08-27,100.66999816894531,92.47394561767578,2818100
2024-08-28,100.68000030517578,92.48313903808594,3500800
2024-08-29,100.69000244140625,92.49234008789062,4537700
2024-08-30,100.73999786376953,92.53826904296875,8427400
2024-09-03,100.33999633789062,92.57886505126953,11846700
2024-09-04,100.3499984741211,92.58808898925781,7218300
2024-09-05,100.37999725341797,92.61578369140625,4833300
2024-09-06,100.41999816894531,92.65266418457031,5534600
2024-09-09,100.43000030517578,92.66191101074219,5397400
2024-09-10,100.44999694824219,92.68034362792969,4143900
2024-09-11,100.44999694824219,92.68034362792969,4500100
2024-09-12,100.45999908447266,92.68955993652344,3912400
2024-09-13,100.5199966430664,92.74490356445312,3465200
2024-09-16,100.54000091552734,92.76337432861328,3571100
2024-09-17,100.54000091552734,92.76337432861328,4452200
2024-09-18,100.56999969482422,92.79107666015625,4077700
2024-09-19,100.58999633789062,92.80953216552734,5165800
2024-09-20,100.62999725341797,92.846435546875,4244800
2024-09-23,100.66000366210938,92.87411499023438,5220900
2024-09-24,100.66999816894531,92.88333892822266,3923500
2024-09-25,100.66999816894531,92.88333892822266,3372400
2024-09-26,100.68000030517578,92.8925552368164,4364400
2024-09-27,100.72000122070312,92.9294662475586,4945400
2024-09-30,100.72000122070312,92.9294662475586,9253100
2024-10-01,100.33000183105469,92.96654510498047,11569200
2024-10-02,100.33000183105469,92.96654510498047,5170300
2024-10-03,100.33999633789062,92.97581481933594,4066100
2024-10-04,100.37999725341797,93.01285552978516,4987100
2024-10-07,100.38999938964844,93.02214050292969,4792500
2024-10-08,100.4000015258789,93.03141021728516,3923100
2024-10-09,100.41999816894531,93.04991149902344,4024800
2024-10-10,100.44000244140625,93.06846618652344,3731100
2024-10-11,100.4800033569336,93.10556030273438,3778400
2024-10-14,100.4800033569336,93.10556030273438,3297100
2024-10-15,100.5,93.12406921386719,3567400
2024-10-16,100.5199966430664,93.14257049560547,3809900
2024-10-17,100.5199966430664,93.14257049560547,3575500
2024-10-18,100.55999755859375,93.17964935302734,3970200
2024-10-21,100.58000183105469,93.19818878173828,3940600
2024-10-22,100.58999633789062,93.20745086669922,3462800
2024-10-23,100.58999633789062,93.20745086669922,3927700
2024-10-24,100.62000274658203,93.23526763916016,3704500
2024-10-25,100.66000366210938,93.27232360839844,5386900
2024-10-28,100.66000366210938,93.27232360839844,3471300
2024-10-29,100.68000030517578,93.29084777832031,3449900
2024-10-30,100.68000030517578,93.29084777832031,7059200
2024-10-31,100.69999694824219,93.30935668945312,11321100
2024-11-01,100.33999633789062,93.36054229736328,13451800
2024-11-04,100.3499984741211,93.3698501586914,5041500
2024-11-05,100.37000274658203,93.3884506225586,4280500
2024-11-06,100.37000274658203,93.3884506225586,9470900
2024-11-07,100.38999938964844,93.40707397460938,6188100
2024-11-08,100.44000244140625,93.45359802246094,5624200
2024-11-11,100.43000030517578,93.44429016113281,4443700
2024-11-12,100.44000244140625,93.45359802246094,4283300
2024-11-13,100.47000122070312,93.48149108886719,4818000
2024-11-14,100.47000122070312,93.48149108886719,4353200
2024-11-15,100.5199966430664,93.52799987792969,5605100
2024-11-18,100.52999877929688,93.53732299804688,5567500
2024-11-19,100.54000091552734,93.546630859375,4310900
2024-11-20,100.55999755859375,93.56524658203125,4133000
2024-11-21,100.55999755859375,93.56524658203125,4410700
2024-11-22,100.58999633789062,93.59317016601562,4343900
2024-11-25,100.5999984741211,93.60244750976562,6020200
2024-11-26,100.62000274658203,93.62108612060547,4586900
2024-11-27,100.63999938964844,93.63966369628906,5909000
2024-11-29,100.68000030517578,93.67688751220703,6581100
2024-12-02,100.31999969482422,93.69371795654297,11471800
2024-12-03,100.33000183105469,93.70306396484375,5734100
2024-12-04,100.3499984741211,93.72174072265625,5351100
2024-12-05,100.36000061035156,93.73107147216797,4870100
2024-12-06,100.41000366210938,93.77777099609375,4779000
2024-12-09,100.41999816894531,93.78709411621094,5539800
2024-12-10,100.44000244140625,93.80577850341797,5293500
2024-12-11,100.44000244140625,93.80577850341797,4855300
2024-12-12,100.44999694824219,93.81512451171875,4701000
2024-12-13,100.5,93.8618392944336,4671500
2024-12-16,100.51000213623047,93.87117004394531,5598900
2024-12-17,100.51000213623047,93.87117004394531,5798500
2024-12-18,100.16000366210938,93.89179992675781,11526500
2024-12-19,100.18000030517578,93.91056060791016,8319400
2024-12-20,100.19999694824219,93.92926788330078,8898900
2024-12-23,100.22000122070312,93.94803619384766,7032500
2024-12-24,100.25,93.9761734008789,4654300
2024-12-26,100.26000213623047,93.98553466796875,4974100
2024-12-27,100.29000091552734,94.01365661621094,6558000
2024-12-30,100.29000091552734,94.01365661621094,6547600
2024-12-31,100.31999969482422,94.04178619384766,7371300
2025-01-02,100.33999633789062,94.06051635742188,7533100
2025-01-03,100.37000274658203,94.08863067626953,6730100
2025-01-06,100.37000274658203,94.08863067626953,6938300
2025-01-07,100.38999938964844,94.10740661621094,6792100
2025-01-08,100.41000366210938,94.12614440917969,6101100
2025-01-10,100.44999694824219,94.16363525390625,7644600
2025-01-13,100.47000122070312,94.18240356445312,7647300
2025-01-14,100.4800033569336,94.1917724609375,7245400
2025-01-15,100.48999786376953,94.20113372802734,6878600
2025-01-16,100.48999786376953,94.20113372802734,5352500
2025-01-17,100.54000091552734,94.24800872802734,6563000
2025-01-21,100.55000305175781,94.25739288330078,7952400
2025-01-22,100.56999969482422,94.27611541748047,5717600
2025-01-23,100.58000183105469,94.28548431396484,5085800
2025-01-24,100.61000061035156,94.31363677978516,6380000
2025-01-27,100.61000061035156,94.31363677978516,9439800
2025-01-28,100.63999938964844,94.34175872802734,5857900
2025-01-29,100.63999938964844,94.34175872802734,3978700
2025-01-30,100.66000366210938,94.3604965209961,8043500
2025-01-31,100.68000030517578,94.37923431396484,12373000
2025-02-03,100.33999633789062,94.40087890625,16436200
2025-02-04,100.36000061035156,94.4197006225586,7866600
2025-02-05,100.36000061035156,94.4197006225586,7100900
2025-02-06,100.37999725341797,94.43851470947266,5804300
2025-02-07,100.41000366210938,94.46674346923828,6758700
2025-02-10,100.43000030517578,94.48558044433594,7517800
2025-02-11,100.43000030517578,94.48558044433594,6424100
2025-02-12,100.44000244140625,94.49497985839844,6618800
2025-02-13,100.45999908447266,94.5137710571289,5690100
2025-02-14,100.5,94.5514144897461,7648100
2025-02-18,100.5199966430664,94.5702133178711,15815200
2025-02-19,100.5199966430664,94.5702133178711,7277600
2025-02-20,100.54000091552734,94.58904266357422,7608000
2025-02-21,100.58000183105469,94.62667846679688,9111000
2025-02-24,100.58999633789062,94.6360855102539,9734600
2025-02-25,100.5999984741211,94.6454849243164,10827700
2025-02-26,100.5999984741211,94.6454849243164,9536300
2025-02-27,100.62999725341797,94.6737289428711,10807800
2025-02-28,100.6500015258789,94.69254302978516,13772600
2025-03-03,100.36000061035156,94.71424102783203,17436600
2025-03-04,100.37000274658203,94.72367095947266,11543100
2025-03-05,100.37000274658203,94.72367095947266,7162600
2025-03-06,100.4000015258789,94.75199890136719,9925500
2025-03-07,100.43000030517578,94.78033447265625,8962400
2025-03-10,100.43000030517578,94.78033447265625,14768100
2025-03-11,100.44999694824219,94.79917907714844,11456900
2025-03-12,100.44999694824219,94.79917907714844,11307300
2025-03-13,100.4800033569336,94.8274917602539,13110600
2025-03-14,100.51000213623047,94.8558120727539,11421900
2025-03-17,100.5199966430664,94.865234375,9018300
2025-03-18,100.52999877929688,94.87467193603516,9213100
2025-03-19,100.55000305175781,94.89356994628906,13584800
2025-03-20,100.55000305175781,94.89356994628906,12648500
2025-03-21,100.58000183105469,94.92186737060547,13101800
2025-03-24,100.5999984741211,94.94073486328125,13854600
2025-03-25,100.61000061035156,94.95018005371094,13844800
2025-03-26,100.62999725341797,94.96906280517578,12262200
2025-03-27,100.63999938964844,94.97847747802734,10022000
2025-03-28,100.66999816894531,95.00679016113281,11747100
2025-03-31,100.66999816894531,95.00679016113281,18210800
2025-04-01,100.3499984741211,95.03142547607422,21033200
2025-04-02,100.36000061035156,95.0408935546875,10658900
2025-04-03,100.37999725341797,95.05985260009766,13988800
2025-04-04,100.41000366210938,95.0882568359375,22826300
2025-04-07,100.41999816894531,95.09770965576172,22564000
2025-04-08,100.41999816894531,95.09770965576172,17116100
2025-04-09,100.44000244140625,95.11666107177734,21838800
2025-04-10,100.44000244140625,95.11666107177734,16851500
2025-04-11,100.48999786376953,95.16401672363281,12916600
2025-04-14,100.5,95.17349243164062,13772300
2025-04-15,100.51000213623047,95.18293762207031,10043700
2025-04-16,100.52999877929688,95.2018814086914,8840000
2025-04-17,100.56999969482422,95.23978424072266,8652700
2025-04-21,100.56999969482422,95.23978424072266,10756100
2025-04-22,100.58000183105469,95.24923706054688,11603400
2025-04-23,100.61000061035156,95.27765655517578,19135100
2025-04-24,100.61000061035156,95.27765655517578,12068700
2025-04-25,100.6500015258789,95.3155288696289,8822700
2025-04-28,100.6500015258789,95.3155288696289,9127900
2025-04-29,100.66000366210938,95.32500457763672,8555000
2025-04-30,100.69000244140625,95.35340881347656,16040200
2025-05-01,100.37000274658203,95.36766815185547,21288700
2025-05-02,100.4000015258789,95.39616394042969,13930900
2025-05-05,100.41000366210938,95.40567779541016,13223700
2025-05-06,100.41000366210938,95.40567779541016,8986000
2025-05-07,100.41999816894531,95.41515350341797,8509300
2025-05-08,100.44999694824219,95.44367218017578,11931100
2025-05-09,100.4800033569336,95.47219848632812,11793700
2025-05-12,100.4800033569336,95.47219848632812,16808300
2025-05-13,100.5,95.49118041992188,18174400
2025-05-14,100.51000213623047,95.50068664550781,9821100
2025-05-15,100.51000213623047,95.50068664550781,10057600
2025-05-16,100.55000305175781,95.53870391845703,10109300
2025-05-19,100.55999755859375,95.54818725585938,15759100
2025-05-20,100.58000183105469,95.56719207763672,9249100
2025-05-21,100.58999633789062,95.57670593261719,11325900
2025-05-22,100.61000061035156,95.595703125,8901700
2025-05-23,100.63999938964844,95.62419891357422,9119400
2025-05-27,100.6500015258789,95.63371276855469,10526600
2025-05-28,100.68000030517578,95.66221618652344,8415200
2025-05-29,100.68000030517578,95.66221618652344,10387000
2025-05-30,100.70999908447266,95.69071960449219,14209500
2025-06-02,100.37999725341797,95.71742248535156,21934000
2025-06-03,100.38999938964844,95.72696685791016,11979500
2025-06-04,100.4000015258789,95.73648071289062,8923800
2025-06-05,100.41000366210938,95.74603271484375,9915800
2025-06-06,100.44000244140625,95.77462768554688,9122400
2025-06-09,100.44999694824219,95.78416442871094,9902100
2025-06-10,100.45999908447266,95.79370880126953,9201800
2025-06-11,100.4800033569336,95.81278991699219,10138800
2025-06-12,100.48999786376953,95.82231903076172,9574900
2025-06-13,100.52999877929688,95.86044311523438,7880300
2025-06-16,100.52999877929688,95.86044311523438,10286500
2025-06-17,100.54000091552734,95.8699722290039,8734500
2025-06-18,100.55999755859375,95.88905334472656,9783400
2025-06-20,100.5999984741211,95.92720031738281,9399400
2025-06-23,100.62000274658203,95.94625854492188,8847300
2025-06-24,100.62999725341797,95.95579528808594,10132100
2025-06-25,100.63999938964844,95.96533203125,8015100
2025-06-26,100.6500015258789,95.97488403320312,9277700
2025-06-27,100.69000244140625,96.01302337646484,9742300
2025-06-30,100.69000244140625,96.01302337646484,18195600
2025-07-01,100.37000274658203,96.0388412475586,24173900
2025-07-02,100.37000274658203,96.0388412475586,10850800
2025-07-03,100.41999816894531,96.08667755126953,7404700
2025-07-07,100.44000244140625,96.1058349609375,12363900
2025-07-08,100.45999908447266,96.12496185302734,13107800
2025-07-09,100.44999694824219,96.11540985107422,11156600
2025-07-10,100.47000122070312,96.1345443725586,10071700
2025-07-11,100.51000213623047,96.17281341552734,9288900
2025-07-14,100.51000213623047,96.17281341552734,10293900
2025-07-15,100.5199966430664,96.182373046875,10207100
2025-07-16,100.55000305175781,96.21107482910156,8117900
2025-07-17,100.55999755859375,96.22064208984375,9040400
2025-07-18,100.58999633789062,96.2493667602539,9399500
2025-07-21,100.5999984741211,96.25892639160156,12893000
2025-07-22,100.62000274658203,96.27806854248047,9340600
2025-07-23,100.62999725341797,96.28762817382812,8056100
2025-07-24,100.63999938964844,96.29721069335938,10701600
2025-07-25,100.66000366210938,96.31633758544922,9776600
2025-07-28,100.69000244140625,96.34503173828125,11581000
2025-07-29,100.69000244140625,96.34503173828125,8622300
2025-07-30,100.70999908447266,96.36417388916016,9106000
2025-07-31,100.72000122070312,96.37376403808594,19051200
2025-08-01,100.38999938964844,96.40447998046875,26832500
2025-08-04,100.41000366210938,96.4236831665039,14766400
2025-08-05,100.41999816894531,96.43327331542969,12350300
2025-08-06,100.43000030517578,96.44287872314453,10653900
2025-08-07,100.43000030517578,96.44287872314453,10823000
2025-08-08,100.4800033569336,96.49091339111328,12066300
2025-08-11,100.48999786376953,96.50050354003906,12940300
2025-08-12,100.48999786376953,96.50050354003906,12918200
2025-08-13,100.51000213623047,96.51971435546875,12144800
2025-08-14,100.5199966430664,96.52930450439453,9798900
2025-08-15,100.55000305175781,96.5581283569336,9493900
2025-08-18,100.58000183105469,96.58692932128906,14768500
2025-08-19,100.58000183105469,96.58692932128906,10474900
2025-08-20,100.5999984741211,96.60612487792969,10922100
2025-08-21,100.5999984741211,96.60612487792969,8765300
2025-08-22,100.63999938964844,96.64454650878906,13160400
2025-08-25,100.66000366210938,96.66376495361328,13556000
2025-08-26,100.66000366210938,96.66376495361328,8741600
2025-08-27,100.66999816894531,96.6733627319336,7384600
2025-08-28,100.68000030517578,96.68296813964844,8816600
2025-08-29,100.73999786376953,96.7405776977539,21369400
2025-09-02,100.38999938964844,96.7502212524414,27254500
2025-09-03,100.4000015258789,96.75985717773438,14296000
2025-09-04,100.41999816894531,96.77911376953125,11300200
2025-09-05,100.44000244140625,96.79840087890625,15312000
2025-09-08,100.47000122070312,96.82731628417969,12715100
2025-09-09,100.47000122070312,96.82731628417969,11005500
2025-09-10,100.4800033569336,96.83696746826172,9356600
2025-09-11,100.5,96.85624694824219,9136600
2025-09-12,100.52999877929688,96.88513946533203,10482000
2025-09-15,100.52999877929688,96.88513946533203,15288300
2025-09-16,100.55000305175781,96.9044189453125,11551900
2025-09-17,100.55999755859375,96.91404724121094,10381200
2025-09-18,100.58000183105469,96.9333267211914,13414500
2025-09-19,100.62000274658203,96.97187042236328,11174000
2025-09-22,100.62000274658203,96.97187042236328,12279500
2025-09-23,100.63999938964844,96.99114990234375,11191700
2025-09-24,100.6500015258789,97.00078582763672,10108500
2025-09-25,100.66000366210938,97.01043701171875,10549100
2025-09-26,100.69000244140625,97.03933715820312,10688600
2025-09-29,100.69999694824219,97.0489730834961,13580800
2025-09-30,100.69999694824219,97.0489730834961,22909500
2025-10-01,100.37000274658203,97.0654067993164,26613600
2025-10-02,100.37999725341797,97.07508087158203,12870100
2025-10-03,100.41999816894531,97.11376190185547,13837400
2025-10-06,100.41999816894531,97.11376190185547,13944300
2025-10-07,100.44000244140625,97.13311004638672,14289100
2025-10-08,100.44999694824219,97.14277648925781,16811200
2025-10-09,100.45999908447266,97.15245056152344,15718900
2025-10-10,100.51000213623047,97.2008056640625,18966600
2025-10-13,100.5,97.1911392211914,14453500
2025-10-14,100.51000213623047,97.2008056640625,13475000
2025-10-15,100.52999877929688,97.22014617919922,11069100
2025-10-16,100.54000091552734,97.22982025146484,12394500
2025-10-17,100.56999969482422,97.25882720947266,14603500
2025-10-20,100.58000183105469,97.26850128173828,16129100
2025-10-21,100.5999984741211,97.28783416748047,12061900
2025-10-22,100.61000061035156,97.29751586914062,9089900
2025-10-23,100.62000274658203,97.30718231201172,10658100
2025-10-24,100.6500015258789,97.3362045288086,12382000
2025-10-27,100.66000366210938,97.34587860107422,26389600
2025-10-28,100.66999816894531,97.35553741455078,11134700
2025-10-29,100.68000030517578,97.3652114868164,14177700
2025-10-30,100.69000244140625,97.37488555908203,12370700
2025-10-31,100.72000122070312,97.40389251708984,23254100
2025-11-03,100.4000015258789,97.43106079101562,27049200
2025-11-04,100.4000015258789,97.43106079101562,15707500
2025-11-05,100.41999816894531,97.4504623413086,11335000
2025-11-06,100.43000030517578,97.4601821899414,16658100
2025-11-07,100.45999908447266,97.48928833007812,18799000
2025-11-10,100.47000122070312,97.49899291992188,14121900
2025-11-11,100.4800033569336,97.50870513916016,8697800
2025-11-12,100.48999786376953,97.51839447021484,9067200
2025-11-13,100.5,97.52810668945312,11255600
2025-11-14,100.52999877929688,97.55721282958984,13522500
2025-11-17,100.54000091552734,97.56692504882812,15032800
2025-11-18,100.54000091552734,97.56692504882812,13130300
2025-11-19,100.55999755859375,97.5863265991211,23022400
2025-11-20,100.58000183105469,97.60572814941406,15261700
2025-11-21,100.5999984741211,97.6251449584961,16446900
2025-11-24,100.61000061035156,97.6348648071289,15830800
2025-11-25,100.62999725341797,97.65425109863281,19115000
2025-11-26,100.63999938964844,97.6639633178711,11948500
2025-11-28,100.66999816894531,97.69307708740234,24417500
2025-12-01,100.37999725341797,97.71546173095703,29025600
2025-12-02,100.4000015258789,97.73493194580078,14362600
2025-12-03,100.41000366210938,97.74467468261719,15531600
2025-12-04,100.43000030517578,97.76414489746094,13689600
2025-12-05,100.45999908447266,97.79334259033203,17918100
2025-12-08,100.45999908447266,97.79334259033203,16657900
2025-12-09,100.47000122070312,97.8030776977539,11016400
2025-12-10,100.47000122070312,97.8030776977539,12234900
2025-12-11,100.48999786376953,97.82254028320312,22343500
2025-12-12,100.52999877929688,97.86148071289062,13320200
2025-12-15,100.52999877929688,97.86148071289062,14767900
2025-12-16,100.54000091552734,97.87122344970703,10701200
2025-12-17,100.55999755859375,97.89068603515625,13788200
2025-12-18,100.55999755859375,97.89068603515625,20890600
2025-12-19,100.27999877929688,97.93268585205078,18203600
2025-12-22,100.27999877929688,97.93268585205078,17890900
2025-12-23,100.29000091552734,97.94245910644531,12256200
2025-12-24,100.30999755859375,97.96197509765625,7791300
2025-12-26,100.33999633789062,97.99127960205078,12664300
2025-12-29,100.36000061035156,98.01081085205078,17350200
2025-12-30,100.37000274658203,98.02056884765625,12608900
2025-12-31,100.37999725341797,98.03033447265625,13910900
2026-01-02,100.41000366210938,98.05963897705078,19188800
2026-01-05,100.41999816894531,98.06939697265625,25006600
2026-01-06,100.43000030517578,98.07917022705078,17635000
2026-01-07,100.44000244140625,98.08894348144531,14062300
2026-01-08,100.44999694824219,98.09870910644531,11408800
2026-01-09,100.47000122070312,98.11824035644531,15053500
2026-01-12,100.48999786376953,98.13776397705078,14819400
2026-01-13,100.5,98.14753723144531,14163000
2026-01-14,100.51000213623047,98.15730285644531,11851800
2026-01-15,100.5199966430664,98.16705322265625,11469500
2026-01-16,100.55999755859375,98.20613098144531,14766800
2026-01-20,100.55999755859375,98.20613098144531,19394600
2026-01-21,100.55999755859375,98.20613098144531,17502100
2026-01-22,100.58000183105469,98.22565460205078,13618500
2026-01-23,100.61000061035156,98.25496673583984,12143000
2026-01-26,100.62000274658203,98.26473236083984,16872000
2026-01-27,100.62000274658203,98.26473236083984,13393600
2026-01-28,100.63999938964844,98.28424835205078,11987500
2026-01-29,100.6500015258789,98.29402923583984,16031700
2026-01-30,100.66999816894531,98.31355285644531,29215200
2026-02-02,100.37000274658203,98.3223648071289,31225300
2026-02-03,100.38999938964844,98.34197235107422,18150800
2026-02-04,100.4000015258789,98.35176849365234,18129400
2026-02-05,100.4000015258789,98.35176849365234,20371200
2026-02-06,100.43000030517578,98.38114929199219,17381400
2026-02-09,100.44999694824219,98.40074920654297,13991600
2026-02-10,100.45999908447266,98.4105453491211,14002700
2026-02-11,100.45999908447266,98.4105453491211,12584400
2026-02-12,100.4800033569336,98.43014526367188,16593900
2026-02-13,100.5199966430664,98.46930694580078,14917200
2026-02-17,100.5199966430664,98.46930694580078,14976200
2026-02-18,100.54000091552734,98.48890686035156,10207300
2026-02-19,100.55000305175781,98.49870300292969,11292100
2026-02-20,100.56999969482422,98.5182876586914,13490000
2026-02-23,100.58999633789062,98.53790283203125,13465400
2026-02-24,100.58999633789062,98.53790283203125,12168900
2026-02-25,100.5999984741211,98.54769134521484,12532000
2026-02-26,100.62000274658203,98.56727600097656,13658500
2026-02-27,100.63999938964844,98.58686828613281,26602400
2026-03-02,100.37999725341797,98.5986557006836,33993400
2026-03-03,100.4000015258789,98.61829376220703,19224400
2026-03-04,100.4000015258789,98.61829376220703,14325400
2026-03-05,100.41000366210938,98.62812042236328,16218200
2026-03-06,100.44999694824219,98.66741180419922,18921300
2026-03-09,100.45999908447266,98.67723083496094,19053900
2026-03-10,100.45999908447266,98.67723083496094,13664200
2026-03-11,100.4800033569336,98.69688415527344,12287800
2026-03-12,100.48999786376953,98.70669555664062,17521900
2026-03-13,100.5199966430664,98.73616790771484,17757000
2026-03-16,100.5199966430664,98.73616790771484,14898500
2026-03-17,100.54000091552734,98.75582122802734,14438300
2026-03-18,100.55000305175781,98.76564025878906,14135100
2026-03-19,100.55000305175781,98.76564025878906,20345400
2026-03-20,100.58000183105469,98.79510498046875,23039600
2026-03-23,100.58000183105469,98.79510498046875,33994300
2026-03-24,100.61000061035156,98.82457733154297,17660600
2026-03-25,100.61000061035156,98.82457733154297,15235800
2026-03-26,100.62000274658203,98.83439636230469,17499400
2026-03-27,100.6500015258789,98.8638687133789,19748400
2026-03-30,100.66000366210938,98.87368774414062,19102700
2026-03-31,100.66000366210938,98.87368774414062,36976800
2026-04-01,100.38999938964844,98.89634704589844,41267300
2026-04-02,100.43000030517578,98.93575286865234,22593000
2026-04-06,100.44000244140625,98.94560241699219,23234700
2026-04-07,100.44999694824219,98.95545196533203,18849600
2026-04-08,100.44999694824219,98.95545196533203,24241600
2026-04-09,100.45999908447266,98.96530151367188,17796600
2026-04-10,100.5,99.00469970703125,18783100
2026-04-13,100.51000213623047,99.01456451416016,20215500
2026-04-14,100.51000213623047,99.01456451416016,29929400
2026-04-15,100.52999877929688,99.03426361083984,19787100
2026-04-16,100.52999877929688,99.03426361083984,16656100
2026-04-17,100.55999755859375,99.0638198852539,20660500
2026-04-20,100.56999969482422,99.07366943359375,19208900
2026-04-21,100.58999633789062,99.09337615966797,14009800
2026-04-22,100.5999984741211,99.10322570800781,15070100
2026-04-23,100.61000061035156,99.11307525634766,14592900
2026-04-24,100.63999938964844,99.14262390136719,16816700
2026-04-27,100.63999938964844,99.14262390136719,14295900
2026-04-28,100.66000366210938,99.16233825683594,13302600
2026-04-29,100.66999816894531,99.17218017578125,15120100
2026-04-30,100.66999816894531,99.17218017578125,26075200
2026-05-01,100.41000366210938,99.20972442626953,33809700
2026-05-04,100.41999816894531,99.2196044921875,20782300
2026-05-05,100.43000030517578,99.22948455810547,17147100
2026-05-06,100.44000244140625,99.23936462402344,20551200
2026-05-07,100.44999694824219,99.2492446899414,17277100
2026-05-08,100.4800033569336,99.27889251708984,20272100
2026-05-11,100.48999786376953,99.28876495361328,21436300
2026-05-12,100.5,99.29865264892578,18313600
2026-05-13,100.51000213623047,99.30853271484375,16770500
2026-05-14,100.5199966430664,99.31841278076172,15723900
2026-05-15,100.55000305175781,99.34805297851562,18242400
2026-05-18,100.55999755859375,99.35792541503906,23561200
2026-05-19,100.56999969482422,99.36781311035156,20454400
2026-05-20,100.58000183105469,99.37769317626953,16940900
2026-05-21,100.58000183105469,99.37769317626953,17360100
2026-05-22,100.62999725341797,99.42708587646484,18433400
2026-05-26,100.63999938964844,99.43696594238281,21664500
2026-05-27,100.6500015258789,99.44685363769531,15484000
2026-05-28,100.6500015258789,99.44685363769531,16617000
2026-05-29,100.66999816894531,99.46661376953125,34224400
2026-06-01,100.4000015258789,99.495361328125,39897700
2026-06-02,100.4000015258789,99.495361328125,22215700
2026-06-03,100.41000366210938,99.5052719116211,19999200
2026-06-04,100.41999816894531,99.51517486572266,18801700
2026-06-05,100.44999694824219,99.54490661621094,27836900
2026-06-08,100.45999908447266,99.55481719970703,24095700
2026-06-09,100.47000122070312,99.56472778320312,25747500
2026-06-10,100.4800033569336,99.57463836669922,20362200
2026-06-11,100.48999786376953,99.58454132080078,24927700
2026-06-12,100.51000213623047,99.60436248779297,23146500
2026-06-15,100.52999877929688,99.62418365478516,25230700
2026-06-16,100.54000091552734,99.63409423828125,20341800
2026-06-17,100.55000305175781,99.64400482177734,15975200
2026-06-18,100.58999633789062,99.68363952636719,18597700
2026-06-22,100.5999984741211,99.69355010986328,20317300
2026-06-23,100.61000061035156,99.70346069335938,18545300
2026-06-24,100.62000274658203,99.71337127685547,18011800
2026-06-25,100.62999725341797,99.72327423095703,17871400
2026-06-26,100.6500015258789,99.74309539794922,14153400
2026-06-29,100.66999816894531,99.76292419433594,18821000
2026-06-30,100.66999816894531,99.76292419433594,28940600
2026-07-01,100.4000015258789,99.78876495361328,38244700
2026-07-02,100.44000244140625,99.82852172851562,22627800
2026-07-06,100.44000244140625,99.82852172851562,20795500
2026-07-07,100.45999908447266,99.84839630126953,18518200
2026-07-08,100.47000122070312,99.85833740234375,19251300
2026-07-09,100.4800033569336,99.86827850341797,15296600
2026-07-10,100.5,99.88815307617188,15612400
2026-07-13,100.5199966430664,99.90802764892578,15894500
2026-07-14,100.5199966430664,99.90802764892578,14999500
2026-07-15,100.54000091552734,99.92790985107422,15943300
2026-07-16,100.55000305175781,99.93785095214844,16153800
2026-07-17,100.58000183105469,99.96766662597656,20866500
2026-07-20,100.58999633789062,99.97760009765625,19114500
2026-07-21,100.5999984741211,99.98754119873047,14626500
2026-07-22,100.5999984741211,99.98754119873047,12644400
2026-07-23,100.61000061035156,99.99748992919922,20047400
2026-07-24,100.63999938964844,100.02730560302734,14982400
2026-07-27,100.6500015258789,100.03724670410156,15942200
2026-07-28,100.66000366210938,100.04718780517578,16048900
2026-07-29,100.68000030517578,100.06706237792969,16931200
2026-07-30,100.69000244140625,100.0770034790039,23298900
2026-07-31,100.70999908447266,100.09687805175781,28605400
2026-08-03,100.41999816894531,100.11382293701172,35522800
2026-08-04,100.43000030517578,100.12379455566406,25526800
2026-08-05,100.44999694824219,100.14373016357422,21347100
2026-08-06,100.45999908447266,100.15370178222656,18761200
2026-08-07,100.4800033569336,100.17364501953125,20930500
2026-08-10,100.5,100.1935806274414,18970500
2026-08-11,100.51000213623047,100.20355224609375,14663500
2026-08-12,100.5199966430664,100.21351623535156,21273300
2026-08-13,100.52999877929688,100.2234878540039,15134700
2026-08-14,100.55999755859375,100.2533950805664,15620900
2026-08-17,100.55999755859375,100.2533950805664,18951900
2026-08-18,100.56999969482422,100.26336669921875,18806600
2026-08-19,100.58999633789062,100.2833023071289,20087700
2026-08-20,100.58999633789062,100.2833023071289,19762400
2026-08-21,100.62999725341797,100.32318115234375,18794300
2026-08-24,100.63999938964844,100.3331527709961,19292700
2026-08-25,100.63999938964844,100.3331527709961,18014000
2026-08-26,100.6500015258789,100.34312438964844,14591600
2026-08-27,100.66000366210938,100.35309600830078,20320500
2026-08-28,100.69000244140625,100.38300323486328,24992700
2026-08-31,100.69000244140625,100.38300323486328,33942200
2026-09-01,100.41000366210938,100.41000366210938,43943700
2026-09-02,100.41999816894531,100.41999816894531,21524700
2026-09-03,100.43000030517578,100.43000030517578,21303400
2026-09-04,100.47000122070312,100.47000122070312,20900000
2026-09-08,100.4800033569336,100.4800033569336,26518300
2026-09-09,100.48999786376953,100.48999786376953,19136700
2026-09-10,100.5,100.5,20396400
2026-09-11,100.5199966430664,100.5199966430664,19549800
2026-09-14,100.52999877929688,100.52999877929688,21031500
2026-09-15,100.52999877929688,100.52999877929688,18929500
2026-09-16,100.55000305175781,100.55000305175781,18428700
